[0.195s] DEBUG:colcon:Command line arguments: ['/usr/bin/colcon', 'build', '--symlink-install', '--packages-skip', 'robotiq_driver', 'robotiq_hardware_tests']
[0.196s] DEBUG:colcon:Parsed command line arguments: Namespace(log_base=None, log_level=None, verb_name='build', build_base='build', install_base='install', merge_install=False, symlink_install=True, test_result_base=None, continue_on_error=False, executor='parallel', parallel_workers=20, event_handlers=None, ignore_user_meta=False, metas=['./colcon.meta'], base_paths=['.'], packages_ignore=None, packages_ignore_regex=None, paths=None, packages_up_to=None, packages_up_to_regex=None, packages_above=None, packages_above_and_dependencies=None, packages_above_depth=None, packages_select_by_dep=None, packages_skip_by_dep=None, packages_skip_up_to=None, packages_select_build_failed=False, packages_skip_build_finished=False, packages_select_test_failures=False, packages_skip_test_passed=False, packages_select=None, packages_skip=['robotiq_driver', 'robotiq_hardware_tests'], packages_select_regex=None, packages_skip_regex=None, packages_start=None, packages_end=None, allow_overriding=[], cmake_args=None, cmake_target=None, cmake_target_skip_unavailable=False, cmake_clean_cache=False, cmake_clean_first=False, cmake_force_configure=False, ament_cmake_args=None, catkin_cmake_args=None, catkin_skip_building_tests=False, mixin_files=None, mixin=None, verb_parser=<colcon_mixin.mixin.mixin_argument.MixinArgumentDecorator object at 0x73f6303486a0>, verb_extension=<colcon_core.verb.build.BuildVerb object at 0x73f630349120>, main=<bound method BuildVerb.main of <colcon_core.verb.build.BuildVerb object at 0x73f630349120>>, mixin_verb=('build',))
[0.396s] Level 1:colcon.colcon_core.package_discovery:discover_packages(colcon_meta) check parameters
[0.414s] Level 1:colcon.colcon_core.package_discovery:discover_packages(recursive) check parameters
[0.414s] Level 1:colcon.colcon_core.package_discovery:discover_packages(ignore) check parameters
[0.414s] Level 1:colcon.colcon_core.package_discovery:discover_packages(path) check parameters
[0.414s] Level 1:colcon.colcon_core.package_discovery:discover_packages(colcon_meta) discover
[0.414s] Level 1:colcon.colcon_core.package_discovery:discover_packages(recursive) discover
[0.414s] INFO:colcon.colcon_core.package_discovery:Crawling recursively for packages in '/home/rosi/ws_dual_arm'
[0.414s] Level 1:colcon.colcon_core.package_identification:_identify(.) by extensions ['ignore', 'ignore_ament_install']
[0.415s] Level 1:colcon.colcon_core.package_identification:_identify(.) by extension 'ignore'
[0.415s] Level 1:colcon.colcon_core.package_identification:_identify(.) by extension 'ignore_ament_install'
[0.415s] Level 1:colcon.colcon_core.package_identification:_identify(.) by extensions ['colcon_pkg']
[0.415s] Level 1:colcon.colcon_core.package_identification:_identify(.) by extension 'colcon_pkg'
[0.415s] Level 1:colcon.colcon_core.package_identification:_identify(.) by extensions ['colcon_meta']
[0.415s] Level 1:colcon.colcon_core.package_identification:_identify(.) by extension 'colcon_meta'
[0.415s] Level 1:colcon.colcon_core.package_identification:_identify(.) by extensions ['ros']
[0.415s] Level 1:colcon.colcon_core.package_identification:_identify(.) by extension 'ros'
[0.467s] Level 1:colcon.colcon_core.package_identification:_identify(.) by extensions ['cmake', 'python']
[0.467s] Level 1:colcon.colcon_core.package_identification:_identify(.) by extension 'cmake'
[0.467s] Level 1:colcon.colcon_core.package_identification:_identify(.) by extension 'python'
[0.467s] Level 1:colcon.colcon_core.package_identification:_identify(.) by extensions ['python_setup_py']
[0.467s] Level 1:colcon.colcon_core.package_identification:_identify(.) by extension 'python_setup_py'
[0.468s] Level 1:colcon.colcon_core.package_identification:_identify(build) by extensions ['ignore', 'ignore_ament_install']
[0.468s] Level 1:colcon.colcon_core.package_identification:_identify(build) by extension 'ignore'
[0.468s] Level 1:colcon.colcon_core.package_identification:_identify(build) ignored
[0.468s] Level 1:colcon.colcon_core.package_identification:_identify(install) by extensions ['ignore', 'ignore_ament_install']
[0.468s] Level 1:colcon.colcon_core.package_identification:_identify(install) by extension 'ignore'
[0.468s] Level 1:colcon.colcon_core.package_identification:_identify(install) ignored
[0.468s] Level 1:colcon.colcon_core.package_identification:_identify(log) by extensions ['ignore', 'ignore_ament_install']
[0.468s] Level 1:colcon.colcon_core.package_identification:_identify(log) by extension 'ignore'
[0.468s] Level 1:colcon.colcon_core.package_identification:_identify(log) ignored
[0.468s] Level 1:colcon.colcon_core.package_identification:_identify(src) by extensions ['ignore', 'ignore_ament_install']
[0.468s] Level 1:colcon.colcon_core.package_identification:_identify(src) by extension 'ignore'
[0.468s] Level 1:colcon.colcon_core.package_identification:_identify(src) by extension 'ignore_ament_install'
[0.469s] Level 1:colcon.colcon_core.package_identification:_identify(src) by extensions ['colcon_pkg']
[0.469s] Level 1:colcon.colcon_core.package_identification:_identify(src) by extension 'colcon_pkg'
[0.469s] Level 1:colcon.colcon_core.package_identification:_identify(src) by extensions ['colcon_meta']
[0.469s] Level 1:colcon.colcon_core.package_identification:_identify(src) by extension 'colcon_meta'
[0.469s] Level 1:colcon.colcon_core.package_identification:_identify(src) by extensions ['ros']
[0.469s] Level 1:colcon.colcon_core.package_identification:_identify(src) by extension 'ros'
[0.469s] Level 1:colcon.colcon_core.package_identification:_identify(src) by extensions ['cmake', 'python']
[0.469s] Level 1:colcon.colcon_core.package_identification:_identify(src) by extension 'cmake'
[0.469s] Level 1:colcon.colcon_core.package_identification:_identify(src) by extension 'python'
[0.469s] Level 1:colcon.colcon_core.package_identification:_identify(src) by extensions ['python_setup_py']
[0.469s] Level 1:colcon.colcon_core.package_identification:_identify(src) by extension 'python_setup_py'
[0.469s] Level 1:colcon.colcon_core.package_identification:_identify(src/dual_arm_control) by extensions ['ignore', 'ignore_ament_install']
[0.469s] Level 1:colcon.colcon_core.package_identification:_identify(src/dual_arm_control) by extension 'ignore'
[0.469s] Level 1:colcon.colcon_core.package_identification:_identify(src/dual_arm_control) by extension 'ignore_ament_install'
[0.469s] Level 1:colcon.colcon_core.package_identification:_identify(src/dual_arm_control) by extensions ['colcon_pkg']
[0.469s] Level 1:colcon.colcon_core.package_identification:_identify(src/dual_arm_control) by extension 'colcon_pkg'
[0.469s] Level 1:colcon.colcon_core.package_identification:_identify(src/dual_arm_control) by extensions ['colcon_meta']
[0.469s] Level 1:colcon.colcon_core.package_identification:_identify(src/dual_arm_control) by extension 'colcon_meta'
[0.469s] Level 1:colcon.colcon_core.package_identification:_identify(src/dual_arm_control) by extensions ['ros']
[0.469s] Level 1:colcon.colcon_core.package_identification:_identify(src/dual_arm_control) by extension 'ros'
[0.474s] DEBUG:colcon.colcon_core.package_identification:Package 'src/dual_arm_control' with type 'ros.ament_cmake' and name 'dual_arm_control'
[0.474s] Level 1:colcon.colcon_core.package_identification:_identify(src/dual_arm_moveit_config) by extensions ['ignore', 'ignore_ament_install']
[0.474s] Level 1:colcon.colcon_core.package_identification:_identify(src/dual_arm_moveit_config) by extension 'ignore'
[0.474s] Level 1:colcon.colcon_core.package_identification:_identify(src/dual_arm_moveit_config) by extension 'ignore_ament_install'
[0.474s] Level 1:colcon.colcon_core.package_identification:_identify(src/dual_arm_moveit_config) by extensions ['colcon_pkg']
[0.474s] Level 1:colcon.colcon_core.package_identification:_identify(src/dual_arm_moveit_config) by extension 'colcon_pkg'
[0.474s] Level 1:colcon.colcon_core.package_identification:_identify(src/dual_arm_moveit_config) by extensions ['colcon_meta']
[0.474s] Level 1:colcon.colcon_core.package_identification:_identify(src/dual_arm_moveit_config) by extension 'colcon_meta'
[0.474s] Level 1:colcon.colcon_core.package_identification:_identify(src/dual_arm_moveit_config) by extensions ['ros']
[0.474s] Level 1:colcon.colcon_core.package_identification:_identify(src/dual_arm_moveit_config) by extension 'ros'
[0.475s] DEBUG:colcon.colcon_core.package_identification:Package 'src/dual_arm_moveit_config' with type 'ros.ament_cmake' and name 'dual_arm_moveit_config'
[0.475s] Level 1:colcon.colcon_core.package_identification:_identify(src/dual_arm_pkg) by extensions ['ignore', 'ignore_ament_install']
[0.475s] Level 1:colcon.colcon_core.package_identification:_identify(src/dual_arm_pkg) by extension 'ignore'
[0.475s] Level 1:colcon.colcon_core.package_identification:_identify(src/dual_arm_pkg) by extension 'ignore_ament_install'
[0.475s] Level 1:colcon.colcon_core.package_identification:_identify(src/dual_arm_pkg) by extensions ['colcon_pkg']
[0.476s] Level 1:colcon.colcon_core.package_identification:_identify(src/dual_arm_pkg) by extension 'colcon_pkg'
[0.476s] Level 1:colcon.colcon_core.package_identification:_identify(src/dual_arm_pkg) by extensions ['colcon_meta']
[0.476s] Level 1:colcon.colcon_core.package_identification:_identify(src/dual_arm_pkg) by extension 'colcon_meta'
[0.476s] Level 1:colcon.colcon_core.package_identification:_identify(src/dual_arm_pkg) by extensions ['ros']
[0.476s] Level 1:colcon.colcon_core.package_identification:_identify(src/dual_arm_pkg) by extension 'ros'
[0.477s] DEBUG:colcon.colcon_core.package_identification:Package 'src/dual_arm_pkg' with type 'ros.ament_cmake' and name 'dual_arm_pkg'
[0.477s] Level 1:colcon.colcon_core.package_identification:_identify(src/easy_handeye2) by extensions ['ignore', 'ignore_ament_install']
[0.477s] Level 1:colcon.colcon_core.package_identification:_identify(src/easy_handeye2) by extension 'ignore'
[0.477s] Level 1:colcon.colcon_core.package_identification:_identify(src/easy_handeye2) by extension 'ignore_ament_install'
[0.477s] Level 1:colcon.colcon_core.package_identification:_identify(src/easy_handeye2) by extensions ['colcon_pkg']
[0.477s] Level 1:colcon.colcon_core.package_identification:_identify(src/easy_handeye2) by extension 'colcon_pkg'
[0.477s] Level 1:colcon.colcon_core.package_identification:_identify(src/easy_handeye2) by extensions ['colcon_meta']
[0.477s] Level 1:colcon.colcon_core.package_identification:_identify(src/easy_handeye2) by extension 'colcon_meta'
[0.477s] Level 1:colcon.colcon_core.package_identification:_identify(src/easy_handeye2) by extensions ['ros']
[0.477s] Level 1:colcon.colcon_core.package_identification:_identify(src/easy_handeye2) by extension 'ros'
[0.477s] Level 1:colcon.colcon_core.package_identification:_identify(src/easy_handeye2) by extensions ['cmake', 'python']
[0.477s] Level 1:colcon.colcon_core.package_identification:_identify(src/easy_handeye2) by extension 'cmake'
[0.477s] Level 1:colcon.colcon_core.package_identification:_identify(src/easy_handeye2) by extension 'python'
[0.477s] Level 1:colcon.colcon_core.package_identification:_identify(src/easy_handeye2) by extensions ['python_setup_py']
[0.477s] Level 1:colcon.colcon_core.package_identification:_identify(src/easy_handeye2) by extension 'python_setup_py'
[0.477s] Level 1:colcon.colcon_core.package_identification:_identify(src/easy_handeye2/docs) by extensions ['ignore', 'ignore_ament_install']
[0.478s] Level 1:colcon.colcon_core.package_identification:_identify(src/easy_handeye2/docs) by extension 'ignore'
[0.478s] Level 1:colcon.colcon_core.package_identification:_identify(src/easy_handeye2/docs) by extension 'ignore_ament_install'
[0.478s] Level 1:colcon.colcon_core.package_identification:_identify(src/easy_handeye2/docs) by extensions ['colcon_pkg']
[0.478s] Level 1:colcon.colcon_core.package_identification:_identify(src/easy_handeye2/docs) by extension 'colcon_pkg'
[0.478s] Level 1:colcon.colcon_core.package_identification:_identify(src/easy_handeye2/docs) by extensions ['colcon_meta']
[0.478s] Level 1:colcon.colcon_core.package_identification:_identify(src/easy_handeye2/docs) by extension 'colcon_meta'
[0.478s] Level 1:colcon.colcon_core.package_identification:_identify(src/easy_handeye2/docs) by extensions ['ros']
[0.478s] Level 1:colcon.colcon_core.package_identification:_identify(src/easy_handeye2/docs) by extension 'ros'
[0.478s] Level 1:colcon.colcon_core.package_identification:_identify(src/easy_handeye2/docs) by extensions ['cmake', 'python']
[0.478s] Level 1:colcon.colcon_core.package_identification:_identify(src/easy_handeye2/docs) by extension 'cmake'
[0.478s] Level 1:colcon.colcon_core.package_identification:_identify(src/easy_handeye2/docs) by extension 'python'
[0.478s] Level 1:colcon.colcon_core.package_identification:_identify(src/easy_handeye2/docs) by extensions ['python_setup_py']
[0.478s] Level 1:colcon.colcon_core.package_identification:_identify(src/easy_handeye2/docs) by extension 'python_setup_py'
[0.478s] Level 1:colcon.colcon_core.package_identification:_identify(src/easy_handeye2/docs/img) by extensions ['ignore', 'ignore_ament_install']
[0.478s] Level 1:colcon.colcon_core.package_identification:_identify(src/easy_handeye2/docs/img) by extension 'ignore'
[0.478s] Level 1:colcon.colcon_core.package_identification:_identify(src/easy_handeye2/docs/img) by extension 'ignore_ament_install'
[0.478s] Level 1:colcon.colcon_core.package_identification:_identify(src/easy_handeye2/docs/img) by extensions ['colcon_pkg']
[0.478s] Level 1:colcon.colcon_core.package_identification:_identify(src/easy_handeye2/docs/img) by extension 'colcon_pkg'
[0.478s] Level 1:colcon.colcon_core.package_identification:_identify(src/easy_handeye2/docs/img) by extensions ['colcon_meta']
[0.478s] Level 1:colcon.colcon_core.package_identification:_identify(src/easy_handeye2/docs/img) by extension 'colcon_meta'
[0.478s] Level 1:colcon.colcon_core.package_identification:_identify(src/easy_handeye2/docs/img) by extensions ['ros']
[0.478s] Level 1:colcon.colcon_core.package_identification:_identify(src/easy_handeye2/docs/img) by extension 'ros'
[0.479s] Level 1:colcon.colcon_core.package_identification:_identify(src/easy_handeye2/docs/img) by extensions ['cmake', 'python']
[0.479s] Level 1:colcon.colcon_core.package_identification:_identify(src/easy_handeye2/docs/img) by extension 'cmake'
[0.479s] Level 1:colcon.colcon_core.package_identification:_identify(src/easy_handeye2/docs/img) by extension 'python'
[0.479s] Level 1:colcon.colcon_core.package_identification:_identify(src/easy_handeye2/docs/img) by extensions ['python_setup_py']
[0.479s] Level 1:colcon.colcon_core.package_identification:_identify(src/easy_handeye2/docs/img) by extension 'python_setup_py'
[0.479s] Level 1:colcon.colcon_core.package_identification:_identify(src/easy_handeye2/easy_handeye2) by extensions ['ignore', 'ignore_ament_install']
[0.479s] Level 1:colcon.colcon_core.package_identification:_identify(src/easy_handeye2/easy_handeye2) by extension 'ignore'
[0.479s] Level 1:colcon.colcon_core.package_identification:_identify(src/easy_handeye2/easy_handeye2) by extension 'ignore_ament_install'
[0.479s] Level 1:colcon.colcon_core.package_identification:_identify(src/easy_handeye2/easy_handeye2) by extensions ['colcon_pkg']
[0.479s] Level 1:colcon.colcon_core.package_identification:_identify(src/easy_handeye2/easy_handeye2) by extension 'colcon_pkg'
[0.479s] Level 1:colcon.colcon_core.package_identification:_identify(src/easy_handeye2/easy_handeye2) by extensions ['colcon_meta']
[0.479s] Level 1:colcon.colcon_core.package_identification:_identify(src/easy_handeye2/easy_handeye2) by extension 'colcon_meta'
[0.479s] Level 1:colcon.colcon_core.package_identification:_identify(src/easy_handeye2/easy_handeye2) by extensions ['ros']
[0.479s] Level 1:colcon.colcon_core.package_identification:_identify(src/easy_handeye2/easy_handeye2) by extension 'ros'
[0.480s] DEBUG:colcon.colcon_core.package_identification:Package 'src/easy_handeye2/easy_handeye2' with type 'ros.ament_python' and name 'easy_handeye2'
[0.480s] Level 1:colcon.colcon_core.package_identification:_identify(src/easy_handeye2/easy_handeye2_msgs) by extensions ['ignore', 'ignore_ament_install']
[0.480s] Level 1:colcon.colcon_core.package_identification:_identify(src/easy_handeye2/easy_handeye2_msgs) by extension 'ignore'
[0.480s] Level 1:colcon.colcon_core.package_identification:_identify(src/easy_handeye2/easy_handeye2_msgs) by extension 'ignore_ament_install'
[0.480s] Level 1:colcon.colcon_core.package_identification:_identify(src/easy_handeye2/easy_handeye2_msgs) by extensions ['colcon_pkg']
[0.480s] Level 1:colcon.colcon_core.package_identification:_identify(src/easy_handeye2/easy_handeye2_msgs) by extension 'colcon_pkg'
[0.480s] Level 1:colcon.colcon_core.package_identification:_identify(src/easy_handeye2/easy_handeye2_msgs) by extensions ['colcon_meta']
[0.480s] Level 1:colcon.colcon_core.package_identification:_identify(src/easy_handeye2/easy_handeye2_msgs) by extension 'colcon_meta'
[0.480s] Level 1:colcon.colcon_core.package_identification:_identify(src/easy_handeye2/easy_handeye2_msgs) by extensions ['ros']
[0.480s] Level 1:colcon.colcon_core.package_identification:_identify(src/easy_handeye2/easy_handeye2_msgs) by extension 'ros'
[0.481s] DEBUG:colcon.colcon_core.package_identification:Package 'src/easy_handeye2/easy_handeye2_msgs' with type 'ros.ament_cmake' and name 'easy_handeye2_msgs'
[0.481s] Level 1:colcon.colcon_core.package_identification:_identify(src/ros2_robotiq_gripper) by extensions ['ignore', 'ignore_ament_install']
[0.481s] Level 1:colcon.colcon_core.package_identification:_identify(src/ros2_robotiq_gripper) by extension 'ignore'
[0.481s] Level 1:colcon.colcon_core.package_identification:_identify(src/ros2_robotiq_gripper) by extension 'ignore_ament_install'
[0.481s] Level 1:colcon.colcon_core.package_identification:_identify(src/ros2_robotiq_gripper) by extensions ['colcon_pkg']
[0.481s] Level 1:colcon.colcon_core.package_identification:_identify(src/ros2_robotiq_gripper) by extension 'colcon_pkg'
[0.481s] Level 1:colcon.colcon_core.package_identification:_identify(src/ros2_robotiq_gripper) by extensions ['colcon_meta']
[0.481s] Level 1:colcon.colcon_core.package_identification:_identify(src/ros2_robotiq_gripper) by extension 'colcon_meta'
[0.481s] Level 1:colcon.colcon_core.package_identification:_identify(src/ros2_robotiq_gripper) by extensions ['ros']
[0.481s] Level 1:colcon.colcon_core.package_identification:_identify(src/ros2_robotiq_gripper) by extension 'ros'
[0.481s] Level 1:colcon.colcon_core.package_identification:_identify(src/ros2_robotiq_gripper) by extensions ['cmake', 'python']
[0.481s] Level 1:colcon.colcon_core.package_identification:_identify(src/ros2_robotiq_gripper) by extension 'cmake'
[0.482s] Level 1:colcon.colcon_core.package_identification:_identify(src/ros2_robotiq_gripper) by extension 'python'
[0.482s] Level 1:colcon.colcon_core.package_identification:_identify(src/ros2_robotiq_gripper) by extensions ['python_setup_py']
[0.482s] Level 1:colcon.colcon_core.package_identification:_identify(src/ros2_robotiq_gripper) by extension 'python_setup_py'
[0.482s] Level 1:colcon.colcon_core.package_identification:_identify(src/ros2_robotiq_gripper/robotiq_controllers) by extensions ['ignore', 'ignore_ament_install']
[0.482s] Level 1:colcon.colcon_core.package_identification:_identify(src/ros2_robotiq_gripper/robotiq_controllers) by extension 'ignore'
[0.482s] Level 1:colcon.colcon_core.package_identification:_identify(src/ros2_robotiq_gripper/robotiq_controllers) by extension 'ignore_ament_install'
[0.482s] Level 1:colcon.colcon_core.package_identification:_identify(src/ros2_robotiq_gripper/robotiq_controllers) by extensions ['colcon_pkg']
[0.482s] Level 1:colcon.colcon_core.package_identification:_identify(src/ros2_robotiq_gripper/robotiq_controllers) by extension 'colcon_pkg'
[0.482s] Level 1:colcon.colcon_core.package_identification:_identify(src/ros2_robotiq_gripper/robotiq_controllers) by extensions ['colcon_meta']
[0.482s] Level 1:colcon.colcon_core.package_identification:_identify(src/ros2_robotiq_gripper/robotiq_controllers) by extension 'colcon_meta'
[0.482s] Level 1:colcon.colcon_core.package_identification:_identify(src/ros2_robotiq_gripper/robotiq_controllers) by extensions ['ros']
[0.482s] Level 1:colcon.colcon_core.package_identification:_identify(src/ros2_robotiq_gripper/robotiq_controllers) by extension 'ros'
[0.483s] DEBUG:colcon.colcon_core.package_identification:Package 'src/ros2_robotiq_gripper/robotiq_controllers' with type 'ros.ament_cmake' and name 'robotiq_controllers'
[0.483s] Level 1:colcon.colcon_core.package_identification:_identify(src/ros2_robotiq_gripper/robotiq_description) by extensions ['ignore', 'ignore_ament_install']
[0.483s] Level 1:colcon.colcon_core.package_identification:_identify(src/ros2_robotiq_gripper/robotiq_description) by extension 'ignore'
[0.483s] Level 1:colcon.colcon_core.package_identification:_identify(src/ros2_robotiq_gripper/robotiq_description) by extension 'ignore_ament_install'
[0.483s] Level 1:colcon.colcon_core.package_identification:_identify(src/ros2_robotiq_gripper/robotiq_description) by extensions ['colcon_pkg']
[0.483s] Level 1:colcon.colcon_core.package_identification:_identify(src/ros2_robotiq_gripper/robotiq_description) by extension 'colcon_pkg'
[0.483s] Level 1:colcon.colcon_core.package_identification:_identify(src/ros2_robotiq_gripper/robotiq_description) by extensions ['colcon_meta']
[0.483s] Level 1:colcon.colcon_core.package_identification:_identify(src/ros2_robotiq_gripper/robotiq_description) by extension 'colcon_meta'
[0.483s] Level 1:colcon.colcon_core.package_identification:_identify(src/ros2_robotiq_gripper/robotiq_description) by extensions ['ros']
[0.483s] Level 1:colcon.colcon_core.package_identification:_identify(src/ros2_robotiq_gripper/robotiq_description) by extension 'ros'
[0.485s] DEBUG:colcon.colcon_core.package_identification:Package 'src/ros2_robotiq_gripper/robotiq_description' with type 'ros.ament_cmake' and name 'robotiq_description'
[0.485s] Level 1:colcon.colcon_core.package_identification:_identify(src/ros2_robotiq_gripper/robotiq_driver) by extensions ['ignore', 'ignore_ament_install']
[0.486s] Level 1:colcon.colcon_core.package_identification:_identify(src/ros2_robotiq_gripper/robotiq_driver) by extension 'ignore'
[0.486s] Level 1:colcon.colcon_core.package_identification:_identify(src/ros2_robotiq_gripper/robotiq_driver) by extension 'ignore_ament_install'
[0.486s] Level 1:colcon.colcon_core.package_identification:_identify(src/ros2_robotiq_gripper/robotiq_driver) by extensions ['colcon_pkg']
[0.486s] Level 1:colcon.colcon_core.package_identification:_identify(src/ros2_robotiq_gripper/robotiq_driver) by extension 'colcon_pkg'
[0.486s] Level 1:colcon.colcon_core.package_identification:_identify(src/ros2_robotiq_gripper/robotiq_driver) by extensions ['colcon_meta']
[0.486s] Level 1:colcon.colcon_core.package_identification:_identify(src/ros2_robotiq_gripper/robotiq_driver) by extension 'colcon_meta'
[0.486s] Level 1:colcon.colcon_core.package_identification:_identify(src/ros2_robotiq_gripper/robotiq_driver) by extensions ['ros']
[0.486s] Level 1:colcon.colcon_core.package_identification:_identify(src/ros2_robotiq_gripper/robotiq_driver) by extension 'ros'
[0.487s] DEBUG:colcon.colcon_core.package_identification:Package 'src/ros2_robotiq_gripper/robotiq_driver' with type 'ros.ament_cmake' and name 'robotiq_driver'
[0.487s] Level 1:colcon.colcon_core.package_identification:_identify(src/ros2_robotiq_gripper/robotiq_hardware_tests) by extensions ['ignore', 'ignore_ament_install']
[0.487s] Level 1:colcon.colcon_core.package_identification:_identify(src/ros2_robotiq_gripper/robotiq_hardware_tests) by extension 'ignore'
[0.487s] Level 1:colcon.colcon_core.package_identification:_identify(src/ros2_robotiq_gripper/robotiq_hardware_tests) by extension 'ignore_ament_install'
[0.487s] Level 1:colcon.colcon_core.package_identification:_identify(src/ros2_robotiq_gripper/robotiq_hardware_tests) by extensions ['colcon_pkg']
[0.487s] Level 1:colcon.colcon_core.package_identification:_identify(src/ros2_robotiq_gripper/robotiq_hardware_tests) by extension 'colcon_pkg'
[0.487s] Level 1:colcon.colcon_core.package_identification:_identify(src/ros2_robotiq_gripper/robotiq_hardware_tests) by extensions ['colcon_meta']
[0.487s] Level 1:colcon.colcon_core.package_identification:_identify(src/ros2_robotiq_gripper/robotiq_hardware_tests) by extension 'colcon_meta'
[0.487s] Level 1:colcon.colcon_core.package_identification:_identify(src/ros2_robotiq_gripper/robotiq_hardware_tests) by extensions ['ros']
[0.487s] Level 1:colcon.colcon_core.package_identification:_identify(src/ros2_robotiq_gripper/robotiq_hardware_tests) by extension 'ros'
[0.488s] DEBUG:colcon.colcon_core.package_identification:Package 'src/ros2_robotiq_gripper/robotiq_hardware_tests' with type 'ros.ament_cmake' and name 'robotiq_hardware_tests'
[0.488s] Level 1:colcon.colcon_core.package_identification:_identify(src/zed-ros2-description) by extensions ['ignore', 'ignore_ament_install']
[0.488s] Level 1:colcon.colcon_core.package_identification:_identify(src/zed-ros2-description) by extension 'ignore'
[0.488s] Level 1:colcon.colcon_core.package_identification:_identify(src/zed-ros2-description) by extension 'ignore_ament_install'
[0.489s] Level 1:colcon.colcon_core.package_identification:_identify(src/zed-ros2-description) by extensions ['colcon_pkg']
[0.489s] Level 1:colcon.colcon_core.package_identification:_identify(src/zed-ros2-description) by extension 'colcon_pkg'
[0.489s] Level 1:colcon.colcon_core.package_identification:_identify(src/zed-ros2-description) by extensions ['colcon_meta']
[0.489s] Level 1:colcon.colcon_core.package_identification:_identify(src/zed-ros2-description) by extension 'colcon_meta'
[0.489s] Level 1:colcon.colcon_core.package_identification:_identify(src/zed-ros2-description) by extensions ['ros']
[0.489s] Level 1:colcon.colcon_core.package_identification:_identify(src/zed-ros2-description) by extension 'ros'
[0.489s] DEBUG:colcon.colcon_core.package_identification:Package 'src/zed-ros2-description' with type 'ros.ament_cmake' and name 'zed_description'
[0.489s] Level 1:colcon.colcon_core.package_discovery:discover_packages(recursive) using defaults
[0.490s] Level 1:colcon.colcon_core.package_discovery:discover_packages(ignore) discover
[0.490s] Level 1:colcon.colcon_core.package_discovery:discover_packages(ignore) using defaults
[0.490s] Level 1:colcon.colcon_core.package_discovery:discover_packages(path) discover
[0.490s] Level 1:colcon.colcon_core.package_discovery:discover_packages(path) using defaults
[0.516s] INFO:colcon.colcon_core.package_selection:Skipping package 'robotiq_driver' in 'src/ros2_robotiq_gripper/robotiq_driver'
[0.516s] INFO:colcon.colcon_core.package_selection:Skipping package 'robotiq_hardware_tests' in 'src/ros2_robotiq_gripper/robotiq_hardware_tests'
[0.517s] Level 1:colcon.colcon_core.package_discovery:discover_packages(prefix_path) check parameters
[0.517s] Level 1:colcon.colcon_core.package_discovery:discover_packages(prefix_path) discover
[0.521s] DEBUG:colcon.colcon_installed_package_information.package_discovery:Found 9 installed packages in /home/rosi/ws_dual_arm/install
[0.523s] DEBUG:colcon.colcon_installed_package_information.package_discovery:Found 417 installed packages in /opt/ros/humble
[0.526s] Level 1:colcon.colcon_core.package_discovery:discover_packages(prefix_path) using defaults
[0.577s] Level 5:colcon.colcon_core.verb:set package 'dual_arm_control' build argument 'cmake_args' from command line to 'None'
[0.577s] Level 5:colcon.colcon_core.verb:set package 'dual_arm_control' build argument 'cmake_target' from command line to 'None'
[0.577s] Level 5:colcon.colcon_core.verb:set package 'dual_arm_control' build argument 'cmake_target_skip_unavailable' from command line to 'False'
[0.578s] Level 5:colcon.colcon_core.verb:set package 'dual_arm_control' build argument 'cmake_clean_cache' from command line to 'False'
[0.578s] Level 5:colcon.colcon_core.verb:set package 'dual_arm_control' build argument 'cmake_clean_first' from command line to 'False'
[0.578s] Level 5:colcon.colcon_core.verb:set package 'dual_arm_control' build argument 'cmake_force_configure' from command line to 'False'
[0.578s] Level 5:colcon.colcon_core.verb:set package 'dual_arm_control' build argument 'ament_cmake_args' from command line to 'None'
[0.578s] Level 5:colcon.colcon_core.verb:set package 'dual_arm_control' build argument 'catkin_cmake_args' from command line to 'None'
[0.578s] Level 5:colcon.colcon_core.verb:set package 'dual_arm_control' build argument 'catkin_skip_building_tests' from command line to 'False'
[0.578s] DEBUG:colcon.colcon_core.verb:Building package 'dual_arm_control' with the following arguments: {'ament_cmake_args': None, 'build_base': '/home/rosi/ws_dual_arm/build/dual_arm_control', 'catkin_cmake_args': None, 'catkin_skip_building_tests': False, 'cmake_args': None, 'cmake_clean_cache': False, 'cmake_clean_first': False, 'cmake_force_configure': False, 'cmake_target': None, 'cmake_target_skip_unavailable': False, 'install_base': '/home/rosi/ws_dual_arm/install/dual_arm_control', 'merge_install': False, 'path': '/home/rosi/ws_dual_arm/src/dual_arm_control', 'symlink_install': True, 'test_result_base': None}
[0.578s] Level 5:colcon.colcon_core.verb:set package 'dual_arm_pkg' build argument 'cmake_args' from command line to 'None'
[0.578s] Level 5:colcon.colcon_core.verb:set package 'dual_arm_pkg' build argument 'cmake_target' from command line to 'None'
[0.578s] Level 5:colcon.colcon_core.verb:set package 'dual_arm_pkg' build argument 'cmake_target_skip_unavailable' from command line to 'False'
[0.578s] Level 5:colcon.colcon_core.verb:set package 'dual_arm_pkg' build argument 'cmake_clean_cache' from command line to 'False'
[0.578s] Level 5:colcon.colcon_core.verb:set package 'dual_arm_pkg' build argument 'cmake_clean_first' from command line to 'False'
[0.578s] Level 5:colcon.colcon_core.verb:set package 'dual_arm_pkg' build argument 'cmake_force_configure' from command line to 'False'
[0.578s] Level 5:colcon.colcon_core.verb:set package 'dual_arm_pkg' build argument 'ament_cmake_args' from command line to 'None'
[0.578s] Level 5:colcon.colcon_core.verb:set package 'dual_arm_pkg' build argument 'catkin_cmake_args' from command line to 'None'
[0.578s] Level 5:colcon.colcon_core.verb:set package 'dual_arm_pkg' build argument 'catkin_skip_building_tests' from command line to 'False'
[0.578s] DEBUG:colcon.colcon_core.verb:Building package 'dual_arm_pkg' with the following arguments: {'ament_cmake_args': None, 'build_base': '/home/rosi/ws_dual_arm/build/dual_arm_pkg', 'catkin_cmake_args': None, 'catkin_skip_building_tests': False, 'cmake_args': None, 'cmake_clean_cache': False, 'cmake_clean_first': False, 'cmake_force_configure': False, 'cmake_target': None, 'cmake_target_skip_unavailable': False, 'install_base': '/home/rosi/ws_dual_arm/install/dual_arm_pkg', 'merge_install': False, 'path': '/home/rosi/ws_dual_arm/src/dual_arm_pkg', 'symlink_install': True, 'test_result_base': None}
[0.578s] Level 5:colcon.colcon_core.verb:set package 'easy_handeye2_msgs' build argument 'cmake_args' from command line to 'None'
[0.578s] Level 5:colcon.colcon_core.verb:set package 'easy_handeye2_msgs' build argument 'cmake_target' from command line to 'None'
[0.579s] Level 5:colcon.colcon_core.verb:set package 'easy_handeye2_msgs' build argument 'cmake_target_skip_unavailable' from command line to 'False'
[0.579s] Level 5:colcon.colcon_core.verb:set package 'easy_handeye2_msgs' build argument 'cmake_clean_cache' from command line to 'False'
[0.579s] Level 5:colcon.colcon_core.verb:set package 'easy_handeye2_msgs' build argument 'cmake_clean_first' from command line to 'False'
[0.579s] Level 5:colcon.colcon_core.verb:set package 'easy_handeye2_msgs' build argument 'cmake_force_configure' from command line to 'False'
[0.579s] Level 5:colcon.colcon_core.verb:set package 'easy_handeye2_msgs' build argument 'ament_cmake_args' from command line to 'None'
[0.579s] Level 5:colcon.colcon_core.verb:set package 'easy_handeye2_msgs' build argument 'catkin_cmake_args' from command line to 'None'
[0.579s] Level 5:colcon.colcon_core.verb:set package 'easy_handeye2_msgs' build argument 'catkin_skip_building_tests' from command line to 'False'
[0.579s] DEBUG:colcon.colcon_core.verb:Building package 'easy_handeye2_msgs' with the following arguments: {'ament_cmake_args': None, 'build_base': '/home/rosi/ws_dual_arm/build/easy_handeye2_msgs', 'catkin_cmake_args': None, 'catkin_skip_building_tests': False, 'cmake_args': None, 'cmake_clean_cache': False, 'cmake_clean_first': False, 'cmake_force_configure': False, 'cmake_target': None, 'cmake_target_skip_unavailable': False, 'install_base': '/home/rosi/ws_dual_arm/install/easy_handeye2_msgs', 'merge_install': False, 'path': '/home/rosi/ws_dual_arm/src/easy_handeye2/easy_handeye2_msgs', 'symlink_install': True, 'test_result_base': None}
[0.579s] Level 5:colcon.colcon_core.verb:set package 'robotiq_controllers' build argument 'cmake_args' from command line to 'None'
[0.579s] Level 5:colcon.colcon_core.verb:set package 'robotiq_controllers' build argument 'cmake_target' from command line to 'None'
[0.579s] Level 5:colcon.colcon_core.verb:set package 'robotiq_controllers' build argument 'cmake_target_skip_unavailable' from command line to 'False'
[0.579s] Level 5:colcon.colcon_core.verb:set package 'robotiq_controllers' build argument 'cmake_clean_cache' from command line to 'False'
[0.579s] Level 5:colcon.colcon_core.verb:set package 'robotiq_controllers' build argument 'cmake_clean_first' from command line to 'False'
[0.579s] Level 5:colcon.colcon_core.verb:set package 'robotiq_controllers' build argument 'cmake_force_configure' from command line to 'False'
[0.579s] Level 5:colcon.colcon_core.verb:set package 'robotiq_controllers' build argument 'ament_cmake_args' from command line to 'None'
[0.579s] Level 5:colcon.colcon_core.verb:set package 'robotiq_controllers' build argument 'catkin_cmake_args' from command line to 'None'
[0.579s] Level 5:colcon.colcon_core.verb:set package 'robotiq_controllers' build argument 'catkin_skip_building_tests' from command line to 'False'
[0.579s] DEBUG:colcon.colcon_core.verb:Building package 'robotiq_controllers' with the following arguments: {'ament_cmake_args': None, 'build_base': '/home/rosi/ws_dual_arm/build/robotiq_controllers', 'catkin_cmake_args': None, 'catkin_skip_building_tests': False, 'cmake_args': None, 'cmake_clean_cache': False, 'cmake_clean_first': False, 'cmake_force_configure': False, 'cmake_target': None, 'cmake_target_skip_unavailable': False, 'install_base': '/home/rosi/ws_dual_arm/install/robotiq_controllers', 'merge_install': False, 'path': '/home/rosi/ws_dual_arm/src/ros2_robotiq_gripper/robotiq_controllers', 'symlink_install': True, 'test_result_base': None}
[0.579s] Level 5:colcon.colcon_core.verb:set package 'robotiq_description' build argument 'cmake_args' from command line to 'None'
[0.579s] Level 5:colcon.colcon_core.verb:set package 'robotiq_description' build argument 'cmake_target' from command line to 'None'
[0.579s] Level 5:colcon.colcon_core.verb:set package 'robotiq_description' build argument 'cmake_target_skip_unavailable' from command line to 'False'
[0.579s] Level 5:colcon.colcon_core.verb:set package 'robotiq_description' build argument 'cmake_clean_cache' from command line to 'False'
[0.579s] Level 5:colcon.colcon_core.verb:set package 'robotiq_description' build argument 'cmake_clean_first' from command line to 'False'
[0.579s] Level 5:colcon.colcon_core.verb:set package 'robotiq_description' build argument 'cmake_force_configure' from command line to 'False'
[0.579s] Level 5:colcon.colcon_core.verb:set package 'robotiq_description' build argument 'ament_cmake_args' from command line to 'None'
[0.580s] Level 5:colcon.colcon_core.verb:set package 'robotiq_description' build argument 'catkin_cmake_args' from command line to 'None'
[0.580s] Level 5:colcon.colcon_core.verb:set package 'robotiq_description' build argument 'catkin_skip_building_tests' from command line to 'False'
[0.580s] DEBUG:colcon.colcon_core.verb:Building package 'robotiq_description' with the following arguments: {'ament_cmake_args': None, 'build_base': '/home/rosi/ws_dual_arm/build/robotiq_description', 'catkin_cmake_args': None, 'catkin_skip_building_tests': False, 'cmake_args': None, 'cmake_clean_cache': False, 'cmake_clean_first': False, 'cmake_force_configure': False, 'cmake_target': None, 'cmake_target_skip_unavailable': False, 'install_base': '/home/rosi/ws_dual_arm/install/robotiq_description', 'merge_install': False, 'path': '/home/rosi/ws_dual_arm/src/ros2_robotiq_gripper/robotiq_description', 'symlink_install': True, 'test_result_base': None}
[0.580s] Level 5:colcon.colcon_core.verb:set package 'zed_description' build argument 'cmake_args' from command line to 'None'
[0.580s] Level 5:colcon.colcon_core.verb:set package 'zed_description' build argument 'cmake_target' from command line to 'None'
[0.580s] Level 5:colcon.colcon_core.verb:set package 'zed_description' build argument 'cmake_target_skip_unavailable' from command line to 'False'
[0.580s] Level 5:colcon.colcon_core.verb:set package 'zed_description' build argument 'cmake_clean_cache' from command line to 'False'
[0.580s] Level 5:colcon.colcon_core.verb:set package 'zed_description' build argument 'cmake_clean_first' from command line to 'False'
[0.580s] Level 5:colcon.colcon_core.verb:set package 'zed_description' build argument 'cmake_force_configure' from command line to 'False'
[0.580s] Level 5:colcon.colcon_core.verb:set package 'zed_description' build argument 'ament_cmake_args' from command line to 'None'
[0.580s] Level 5:colcon.colcon_core.verb:set package 'zed_description' build argument 'catkin_cmake_args' from command line to 'None'
[0.580s] Level 5:colcon.colcon_core.verb:set package 'zed_description' build argument 'catkin_skip_building_tests' from command line to 'False'
[0.580s] DEBUG:colcon.colcon_core.verb:Building package 'zed_description' with the following arguments: {'ament_cmake_args': None, 'build_base': '/home/rosi/ws_dual_arm/build/zed_description', 'catkin_cmake_args': None, 'catkin_skip_building_tests': False, 'cmake_args': None, 'cmake_clean_cache': False, 'cmake_clean_first': False, 'cmake_force_configure': False, 'cmake_target': None, 'cmake_target_skip_unavailable': False, 'install_base': '/home/rosi/ws_dual_arm/install/zed_description', 'merge_install': False, 'path': '/home/rosi/ws_dual_arm/src/zed-ros2-description', 'symlink_install': True, 'test_result_base': None}
[0.580s] Level 5:colcon.colcon_core.verb:set package 'dual_arm_moveit_config' build argument 'cmake_args' from command line to 'None'
[0.580s] Level 5:colcon.colcon_core.verb:set package 'dual_arm_moveit_config' build argument 'cmake_target' from command line to 'None'
[0.580s] Level 5:colcon.colcon_core.verb:set package 'dual_arm_moveit_config' build argument 'cmake_target_skip_unavailable' from command line to 'False'
[0.580s] Level 5:colcon.colcon_core.verb:set package 'dual_arm_moveit_config' build argument 'cmake_clean_cache' from command line to 'False'
[0.580s] Level 5:colcon.colcon_core.verb:set package 'dual_arm_moveit_config' build argument 'cmake_clean_first' from command line to 'False'
[0.580s] Level 5:colcon.colcon_core.verb:set package 'dual_arm_moveit_config' build argument 'cmake_force_configure' from command line to 'False'
[0.580s] Level 5:colcon.colcon_core.verb:set package 'dual_arm_moveit_config' build argument 'ament_cmake_args' from command line to 'None'
[0.580s] Level 5:colcon.colcon_core.verb:set package 'dual_arm_moveit_config' build argument 'catkin_cmake_args' from command line to 'None'
[0.580s] Level 5:colcon.colcon_core.verb:set package 'dual_arm_moveit_config' build argument 'catkin_skip_building_tests' from command line to 'False'
[0.580s] DEBUG:colcon.colcon_core.verb:Building package 'dual_arm_moveit_config' with the following arguments: {'ament_cmake_args': None, 'build_base': '/home/rosi/ws_dual_arm/build/dual_arm_moveit_config', 'catkin_cmake_args': None, 'catkin_skip_building_tests': False, 'cmake_args': None, 'cmake_clean_cache': False, 'cmake_clean_first': False, 'cmake_force_configure': False, 'cmake_target': None, 'cmake_target_skip_unavailable': False, 'install_base': '/home/rosi/ws_dual_arm/install/dual_arm_moveit_config', 'merge_install': False, 'path': '/home/rosi/ws_dual_arm/src/dual_arm_moveit_config', 'symlink_install': True, 'test_result_base': None}
[0.581s] Level 5:colcon.colcon_core.verb:set package 'easy_handeye2' build argument 'cmake_args' from command line to 'None'
[0.581s] Level 5:colcon.colcon_core.verb:set package 'easy_handeye2' build argument 'cmake_target' from command line to 'None'
[0.581s] Level 5:colcon.colcon_core.verb:set package 'easy_handeye2' build argument 'cmake_target_skip_unavailable' from command line to 'False'
[0.581s] Level 5:colcon.colcon_core.verb:set package 'easy_handeye2' build argument 'cmake_clean_cache' from command line to 'False'
[0.581s] Level 5:colcon.colcon_core.verb:set package 'easy_handeye2' build argument 'cmake_clean_first' from command line to 'False'
[0.581s] Level 5:colcon.colcon_core.verb:set package 'easy_handeye2' build argument 'cmake_force_configure' from command line to 'False'
[0.581s] Level 5:colcon.colcon_core.verb:set package 'easy_handeye2' build argument 'ament_cmake_args' from command line to 'None'
[0.581s] Level 5:colcon.colcon_core.verb:set package 'easy_handeye2' build argument 'catkin_cmake_args' from command line to 'None'
[0.581s] Level 5:colcon.colcon_core.verb:set package 'easy_handeye2' build argument 'catkin_skip_building_tests' from command line to 'False'
[0.581s] DEBUG:colcon.colcon_core.verb:Building package 'easy_handeye2' with the following arguments: {'ament_cmake_args': None, 'build_base': '/home/rosi/ws_dual_arm/build/easy_handeye2', 'catkin_cmake_args': None, 'catkin_skip_building_tests': False, 'cmake_args': None, 'cmake_clean_cache': False, 'cmake_clean_first': False, 'cmake_force_configure': False, 'cmake_target': None, 'cmake_target_skip_unavailable': False, 'install_base': '/home/rosi/ws_dual_arm/install/easy_handeye2', 'merge_install': False, 'path': '/home/rosi/ws_dual_arm/src/easy_handeye2/easy_handeye2', 'symlink_install': True, 'test_result_base': None}
[0.581s] INFO:colcon.colcon_core.executor:Executing jobs using 'parallel' executor
[0.582s] DEBUG:colcon.colcon_parallel_executor.executor.parallel:run_until_complete
[0.583s] INFO:colcon.colcon_ros.task.ament_cmake.build:Building ROS package in '/home/rosi/ws_dual_arm/src/dual_arm_pkg' with build type 'ament_cmake'
[0.583s] INFO:colcon.colcon_cmake.task.cmake.build:Building CMake package in '/home/rosi/ws_dual_arm/src/dual_arm_pkg'
[0.590s] INFO:colcon.colcon_core.plugin_system:Skipping extension 'colcon_core.shell.bat': Not used on non-Windows systems
[0.590s] INFO:colcon.colcon_core.shell:Skip shell extension 'powershell' for command environment: Not usable outside of PowerShell
[0.590s] DEBUG:colcon.colcon_core.shell:Skip shell extension 'dsv' for command environment
[0.595s] INFO:colcon.colcon_ros.task.ament_cmake.build:Building ROS package in '/home/rosi/ws_dual_arm/src/easy_handeye2/easy_handeye2_msgs' with build type 'ament_cmake'
[0.595s] INFO:colcon.colcon_cmake.task.cmake.build:Building CMake package in '/home/rosi/ws_dual_arm/src/easy_handeye2/easy_handeye2_msgs'
[0.595s] INFO:colcon.colcon_core.shell:Skip shell extension 'powershell' for command environment: Not usable outside of PowerShell
[0.595s] DEBUG:colcon.colcon_core.shell:Skip shell extension 'dsv' for command environment
[0.599s] INFO:colcon.colcon_ros.task.ament_cmake.build:Building ROS package in '/home/rosi/ws_dual_arm/src/dual_arm_control' with build type 'ament_cmake'
[0.599s] INFO:colcon.colcon_cmake.task.cmake.build:Building CMake package in '/home/rosi/ws_dual_arm/src/dual_arm_control'
[0.599s] INFO:colcon.colcon_core.shell:Skip shell extension 'powershell' for command environment: Not usable outside of PowerShell
[0.599s] DEBUG:colcon.colcon_core.shell:Skip shell extension 'dsv' for command environment
[0.604s] INFO:colcon.colcon_ros.task.ament_cmake.build:Building ROS package in '/home/rosi/ws_dual_arm/src/ros2_robotiq_gripper/robotiq_controllers' with build type 'ament_cmake'
[0.604s] INFO:colcon.colcon_cmake.task.cmake.build:Building CMake package in '/home/rosi/ws_dual_arm/src/ros2_robotiq_gripper/robotiq_controllers'
[0.604s] INFO:colcon.colcon_core.shell:Skip shell extension 'powershell' for command environment: Not usable outside of PowerShell
[0.605s] DEBUG:colcon.colcon_core.shell:Skip shell extension 'dsv' for command environment
[0.610s] INFO:colcon.colcon_ros.task.ament_cmake.build:Building ROS package in '/home/rosi/ws_dual_arm/src/ros2_robotiq_gripper/robotiq_description' with build type 'ament_cmake'
[0.610s] INFO:colcon.colcon_cmake.task.cmake.build:Building CMake package in '/home/rosi/ws_dual_arm/src/ros2_robotiq_gripper/robotiq_description'
[0.611s] INFO:colcon.colcon_core.shell:Skip shell extension 'powershell' for command environment: Not usable outside of PowerShell
[0.611s] DEBUG:colcon.colcon_core.shell:Skip shell extension 'dsv' for command environment
[0.616s] INFO:colcon.colcon_ros.task.ament_cmake.build:Building ROS package in '/home/rosi/ws_dual_arm/src/zed-ros2-description' with build type 'ament_cmake'
[0.616s] INFO:colcon.colcon_cmake.task.cmake.build:Building CMake package in '/home/rosi/ws_dual_arm/src/zed-ros2-description'
[0.617s] INFO:colcon.colcon_core.shell:Skip shell extension 'powershell' for command environment: Not usable outside of PowerShell
[0.617s] DEBUG:colcon.colcon_core.shell:Skip shell extension 'dsv' for command environment
[0.635s] DEBUG:colcon.colcon_core.event_handler.log_command:Invoking command in '/home/rosi/ws_dual_arm/build/dual_arm_pkg': CMAKE_PREFIX_PATH=${CMAKE_PREFIX_PATH}:/home/rosi/ws_dual_arm/install/zed_description:/home/rosi/ws_dual_arm/install/robotiq_description:/home/rosi/ws_dual_arm/install/dual_arm_pkg:/opt/ros/humble /usr/bin/cmake --build /home/rosi/ws_dual_arm/build/dual_arm_pkg -- -j20 -l20
[0.642s] DEBUG:colcon.colcon_core.event_handler.log_command:Invoking command in '/home/rosi/ws_dual_arm/build/easy_handeye2_msgs': CMAKE_PREFIX_PATH=${CMAKE_PREFIX_PATH}:/home/rosi/ws_dual_arm/install/zed_description:/home/rosi/ws_dual_arm/install/robotiq_description:/home/rosi/ws_dual_arm/install/dual_arm_pkg:/opt/ros/humble /usr/bin/cmake --build /home/rosi/ws_dual_arm/build/easy_handeye2_msgs -- -j20 -l20
[0.647s] DEBUG:colcon.colcon_core.event_handler.log_command:Invoking command in '/home/rosi/ws_dual_arm/build/dual_arm_control': CMAKE_PREFIX_PATH=${CMAKE_PREFIX_PATH}:/home/rosi/ws_dual_arm/install/zed_description:/home/rosi/ws_dual_arm/install/robotiq_description:/home/rosi/ws_dual_arm/install/dual_arm_pkg:/opt/ros/humble /usr/bin/cmake --build /home/rosi/ws_dual_arm/build/dual_arm_control -- -j20 -l20
[0.653s] DEBUG:colcon.colcon_core.event_handler.log_command:Invoking command in '/home/rosi/ws_dual_arm/build/robotiq_controllers': CMAKE_PREFIX_PATH=${CMAKE_PREFIX_PATH}:/home/rosi/ws_dual_arm/install/zed_description:/home/rosi/ws_dual_arm/install/robotiq_description:/home/rosi/ws_dual_arm/install/dual_arm_pkg:/opt/ros/humble /usr/bin/cmake --build /home/rosi/ws_dual_arm/build/robotiq_controllers -- -j20 -l20
[0.660s] DEBUG:colcon.colcon_core.event_handler.log_command:Invoking command in '/home/rosi/ws_dual_arm/build/robotiq_description': CMAKE_PREFIX_PATH=${CMAKE_PREFIX_PATH}:/home/rosi/ws_dual_arm/install/zed_description:/home/rosi/ws_dual_arm/install/robotiq_description:/home/rosi/ws_dual_arm/install/dual_arm_pkg:/opt/ros/humble /usr/bin/cmake --build /home/rosi/ws_dual_arm/build/robotiq_description -- -j20 -l20
[0.675s] DEBUG:colcon.colcon_core.event_handler.log_command:Invoking command in '/home/rosi/ws_dual_arm/build/zed_description': CMAKE_PREFIX_PATH=${CMAKE_PREFIX_PATH}:/home/rosi/ws_dual_arm/install/zed_description:/home/rosi/ws_dual_arm/install/robotiq_description:/home/rosi/ws_dual_arm/install/dual_arm_pkg:/opt/ros/humble /usr/bin/cmake --build /home/rosi/ws_dual_arm/build/zed_description -- -j20 -l20
[0.724s] DEBUG:colcon.colcon_core.event_handler.log_command:Invoked command in '/home/rosi/ws_dual_arm/build/dual_arm_pkg' returned '0': CMAKE_PREFIX_PATH=${CMAKE_PREFIX_PATH}:/home/rosi/ws_dual_arm/install/zed_description:/home/rosi/ws_dual_arm/install/robotiq_description:/home/rosi/ws_dual_arm/install/dual_arm_pkg:/opt/ros/humble /usr/bin/cmake --build /home/rosi/ws_dual_arm/build/dual_arm_pkg -- -j20 -l20
[0.749s] DEBUG:colcon.colcon_core.event_handler.log_command:Invoking command in '/home/rosi/ws_dual_arm/build/dual_arm_pkg': CMAKE_PREFIX_PATH=${CMAKE_PREFIX_PATH}:/home/rosi/ws_dual_arm/install/zed_description:/home/rosi/ws_dual_arm/install/robotiq_description:/home/rosi/ws_dual_arm/install/dual_arm_pkg:/opt/ros/humble /usr/bin/cmake --install /home/rosi/ws_dual_arm/build/dual_arm_pkg
[0.753s] DEBUG:colcon.colcon_core.event_handler.log_command:Invoked command in '/home/rosi/ws_dual_arm/build/robotiq_description' returned '0': CMAKE_PREFIX_PATH=${CMAKE_PREFIX_PATH}:/home/rosi/ws_dual_arm/install/zed_description:/home/rosi/ws_dual_arm/install/robotiq_description:/home/rosi/ws_dual_arm/install/dual_arm_pkg:/opt/ros/humble /usr/bin/cmake --build /home/rosi/ws_dual_arm/build/robotiq_description -- -j20 -l20
[0.755s] DEBUG:colcon.colcon_core.event_handler.log_command:Invoking command in '/home/rosi/ws_dual_arm/build/robotiq_description': CMAKE_PREFIX_PATH=${CMAKE_PREFIX_PATH}:/home/rosi/ws_dual_arm/install/zed_description:/home/rosi/ws_dual_arm/install/robotiq_description:/home/rosi/ws_dual_arm/install/dual_arm_pkg:/opt/ros/humble /usr/bin/cmake --install /home/rosi/ws_dual_arm/build/robotiq_description
[0.783s] DEBUG:colcon.colcon_core.event_handler.log_command:Invoked command in '/home/rosi/ws_dual_arm/build/zed_description' returned '0': CMAKE_PREFIX_PATH=${CMAKE_PREFIX_PATH}:/home/rosi/ws_dual_arm/install/zed_description:/home/rosi/ws_dual_arm/install/robotiq_description:/home/rosi/ws_dual_arm/install/dual_arm_pkg:/opt/ros/humble /usr/bin/cmake --build /home/rosi/ws_dual_arm/build/zed_description -- -j20 -l20
[0.811s] DEBUG:colcon.colcon_core.event_handler.log_command:Invoking command in '/home/rosi/ws_dual_arm/build/zed_description': CMAKE_PREFIX_PATH=${CMAKE_PREFIX_PATH}:/home/rosi/ws_dual_arm/install/zed_description:/home/rosi/ws_dual_arm/install/robotiq_description:/home/rosi/ws_dual_arm/install/dual_arm_pkg:/opt/ros/humble /usr/bin/cmake --install /home/rosi/ws_dual_arm/build/zed_description
[0.819s] Level 1:colcon.colcon_core.environment:create_environment_scripts_only(dual_arm_pkg)
[0.827s] DEBUG:colcon.colcon_core.event_handler.log_command:Invoked command in '/home/rosi/ws_dual_arm/build/robotiq_controllers' returned '0': CMAKE_PREFIX_PATH=${CMAKE_PREFIX_PATH}:/home/rosi/ws_dual_arm/install/zed_description:/home/rosi/ws_dual_arm/install/robotiq_description:/home/rosi/ws_dual_arm/install/dual_arm_pkg:/opt/ros/humble /usr/bin/cmake --build /home/rosi/ws_dual_arm/build/robotiq_controllers -- -j20 -l20
[0.827s] DEBUG:colcon.colcon_core.event_handler.log_command:Invoking command in '/home/rosi/ws_dual_arm/build/robotiq_controllers': CMAKE_PREFIX_PATH=${CMAKE_PREFIX_PATH}:/home/rosi/ws_dual_arm/install/zed_description:/home/rosi/ws_dual_arm/install/robotiq_description:/home/rosi/ws_dual_arm/install/dual_arm_pkg:/opt/ros/humble /usr/bin/cmake --install /home/rosi/ws_dual_arm/build/robotiq_controllers
[0.828s] DEBUG:colcon.colcon_core.event_handler.log_command:Invoked command in '/home/rosi/ws_dual_arm/build/dual_arm_pkg' returned '0': CMAKE_PREFIX_PATH=${CMAKE_PREFIX_PATH}:/home/rosi/ws_dual_arm/install/zed_description:/home/rosi/ws_dual_arm/install/robotiq_description:/home/rosi/ws_dual_arm/install/dual_arm_pkg:/opt/ros/humble /usr/bin/cmake --install /home/rosi/ws_dual_arm/build/dual_arm_pkg
[0.835s] Level 1:colcon.colcon_core.environment:checking '/home/rosi/ws_dual_arm/install/dual_arm_pkg' for CMake module files
[0.836s] Level 1:colcon.colcon_core.environment:checking '/home/rosi/ws_dual_arm/install/dual_arm_pkg' for CMake config files
[0.838s] Level 1:colcon.colcon_core.shell:create_environment_hook('dual_arm_pkg', 'cmake_prefix_path')
[0.839s] INFO:colcon.colcon_core.shell:Creating environment hook '/home/rosi/ws_dual_arm/install/dual_arm_pkg/share/dual_arm_pkg/hook/cmake_prefix_path.ps1'
[0.840s] INFO:colcon.colcon_core.shell:Creating environment descriptor '/home/rosi/ws_dual_arm/install/dual_arm_pkg/share/dual_arm_pkg/hook/cmake_prefix_path.dsv'
[0.841s] INFO:colcon.colcon_core.shell:Creating environment hook '/home/rosi/ws_dual_arm/install/dual_arm_pkg/share/dual_arm_pkg/hook/cmake_prefix_path.sh'
[0.843s] Level 1:colcon.colcon_core.environment:checking '/home/rosi/ws_dual_arm/install/dual_arm_pkg/bin'
[0.844s] Level 1:colcon.colcon_core.environment:checking '/home/rosi/ws_dual_arm/install/dual_arm_pkg/lib/pkgconfig/dual_arm_pkg.pc'
[0.844s] Level 1:colcon.colcon_core.environment:checking '/home/rosi/ws_dual_arm/install/dual_arm_pkg/lib/python3.10/site-packages'
[0.845s] Level 1:colcon.colcon_core.environment:checking '/home/rosi/ws_dual_arm/install/dual_arm_pkg/bin'
[0.845s] INFO:colcon.colcon_core.shell:Creating package script '/home/rosi/ws_dual_arm/install/dual_arm_pkg/share/dual_arm_pkg/package.ps1'
[0.848s] INFO:colcon.colcon_core.shell:Creating package descriptor '/home/rosi/ws_dual_arm/install/dual_arm_pkg/share/dual_arm_pkg/package.dsv'
[0.849s] INFO:colcon.colcon_core.shell:Creating package script '/home/rosi/ws_dual_arm/install/dual_arm_pkg/share/dual_arm_pkg/package.sh'
[0.850s] INFO:colcon.colcon_core.shell:Creating package script '/home/rosi/ws_dual_arm/install/dual_arm_pkg/share/dual_arm_pkg/package.bash'
[0.852s] INFO:colcon.colcon_core.shell:Creating package script '/home/rosi/ws_dual_arm/install/dual_arm_pkg/share/dual_arm_pkg/package.zsh'
[0.853s] Level 1:colcon.colcon_core.environment:create_file_with_runtime_dependencies(/home/rosi/ws_dual_arm/install/dual_arm_pkg/share/colcon-core/packages/dual_arm_pkg)
[0.854s] Level 1:colcon.colcon_core.environment:create_environment_scripts_only(dual_arm_pkg)
[0.855s] Level 1:colcon.colcon_core.environment:checking '/home/rosi/ws_dual_arm/install/dual_arm_pkg' for CMake module files
[0.855s] Level 1:colcon.colcon_core.environment:checking '/home/rosi/ws_dual_arm/install/dual_arm_pkg' for CMake config files
[0.856s] Level 1:colcon.colcon_core.shell:create_environment_hook('dual_arm_pkg', 'cmake_prefix_path')
[0.856s] INFO:colcon.colcon_core.shell:Creating environment hook '/home/rosi/ws_dual_arm/install/dual_arm_pkg/share/dual_arm_pkg/hook/cmake_prefix_path.ps1'
[0.857s] INFO:colcon.colcon_core.shell:Creating environment descriptor '/home/rosi/ws_dual_arm/install/dual_arm_pkg/share/dual_arm_pkg/hook/cmake_prefix_path.dsv'
[0.857s] INFO:colcon.colcon_core.shell:Creating environment hook '/home/rosi/ws_dual_arm/install/dual_arm_pkg/share/dual_arm_pkg/hook/cmake_prefix_path.sh'
[0.858s] Level 1:colcon.colcon_core.environment:checking '/home/rosi/ws_dual_arm/install/dual_arm_pkg/bin'
[0.858s] Level 1:colcon.colcon_core.environment:checking '/home/rosi/ws_dual_arm/install/dual_arm_pkg/lib/pkgconfig/dual_arm_pkg.pc'
[0.858s] Level 1:colcon.colcon_core.environment:checking '/home/rosi/ws_dual_arm/install/dual_arm_pkg/lib/python3.10/site-packages'
[0.858s] Level 1:colcon.colcon_core.environment:checking '/home/rosi/ws_dual_arm/install/dual_arm_pkg/bin'
[0.859s] INFO:colcon.colcon_core.shell:Creating package script '/home/rosi/ws_dual_arm/install/dual_arm_pkg/share/dual_arm_pkg/package.ps1'
[0.859s] INFO:colcon.colcon_core.shell:Creating package descriptor '/home/rosi/ws_dual_arm/install/dual_arm_pkg/share/dual_arm_pkg/package.dsv'
[0.860s] INFO:colcon.colcon_core.shell:Creating package script '/home/rosi/ws_dual_arm/install/dual_arm_pkg/share/dual_arm_pkg/package.sh'
[0.860s] INFO:colcon.colcon_core.shell:Creating package script '/home/rosi/ws_dual_arm/install/dual_arm_pkg/share/dual_arm_pkg/package.bash'
[0.860s] INFO:colcon.colcon_core.shell:Creating package script '/home/rosi/ws_dual_arm/install/dual_arm_pkg/share/dual_arm_pkg/package.zsh'
[0.861s] Level 1:colcon.colcon_core.environment:create_file_with_runtime_dependencies(/home/rosi/ws_dual_arm/install/dual_arm_pkg/share/colcon-core/packages/dual_arm_pkg)
[0.861s] INFO:colcon.colcon_ros.task.ament_cmake.build:Building ROS package in '/home/rosi/ws_dual_arm/src/dual_arm_moveit_config' with build type 'ament_cmake'
[0.861s] INFO:colcon.colcon_cmake.task.cmake.build:Building CMake package in '/home/rosi/ws_dual_arm/src/dual_arm_moveit_config'
[0.862s] INFO:colcon.colcon_core.shell:Skip shell extension 'powershell' for command environment: Not usable outside of PowerShell
[0.862s] DEBUG:colcon.colcon_core.shell:Skip shell extension 'dsv' for command environment
[0.870s] Level 1:colcon.colcon_core.environment:create_environment_scripts_only(robotiq_description)
[0.871s] Level 1:colcon.colcon_core.environment:checking '/home/rosi/ws_dual_arm/install/robotiq_description' for CMake module files
[0.871s] DEBUG:colcon.colcon_core.event_handler.log_command:Invoked command in '/home/rosi/ws_dual_arm/build/robotiq_description' returned '0': CMAKE_PREFIX_PATH=${CMAKE_PREFIX_PATH}:/home/rosi/ws_dual_arm/install/zed_description:/home/rosi/ws_dual_arm/install/robotiq_description:/home/rosi/ws_dual_arm/install/dual_arm_pkg:/opt/ros/humble /usr/bin/cmake --install /home/rosi/ws_dual_arm/build/robotiq_description
[0.872s] Level 1:colcon.colcon_core.environment:checking '/home/rosi/ws_dual_arm/install/robotiq_description' for CMake config files
[0.872s] Level 1:colcon.colcon_core.shell:create_environment_hook('robotiq_description', 'cmake_prefix_path')
[0.873s] INFO:colcon.colcon_core.shell:Creating environment hook '/home/rosi/ws_dual_arm/install/robotiq_description/share/robotiq_description/hook/cmake_prefix_path.ps1'
[0.873s] INFO:colcon.colcon_core.shell:Creating environment descriptor '/home/rosi/ws_dual_arm/install/robotiq_description/share/robotiq_description/hook/cmake_prefix_path.dsv'
[0.873s] INFO:colcon.colcon_core.shell:Creating environment hook '/home/rosi/ws_dual_arm/install/robotiq_description/share/robotiq_description/hook/cmake_prefix_path.sh'
[0.874s] Level 1:colcon.colcon_core.environment:checking '/home/rosi/ws_dual_arm/install/robotiq_description/bin'
[0.874s] Level 1:colcon.colcon_core.environment:checking '/home/rosi/ws_dual_arm/install/robotiq_description/lib/pkgconfig/robotiq_description.pc'
[0.874s] Level 1:colcon.colcon_core.environment:checking '/home/rosi/ws_dual_arm/install/robotiq_description/lib/python3.10/site-packages'
[0.875s] Level 1:colcon.colcon_core.environment:checking '/home/rosi/ws_dual_arm/install/robotiq_description/bin'
[0.875s] INFO:colcon.colcon_core.shell:Creating package script '/home/rosi/ws_dual_arm/install/robotiq_description/share/robotiq_description/package.ps1'
[0.876s] INFO:colcon.colcon_core.shell:Creating package descriptor '/home/rosi/ws_dual_arm/install/robotiq_description/share/robotiq_description/package.dsv'
[0.876s] INFO:colcon.colcon_core.shell:Creating package script '/home/rosi/ws_dual_arm/install/robotiq_description/share/robotiq_description/package.sh'
[0.876s] INFO:colcon.colcon_core.shell:Creating package script '/home/rosi/ws_dual_arm/install/robotiq_description/share/robotiq_description/package.bash'
[0.877s] INFO:colcon.colcon_core.shell:Creating package script '/home/rosi/ws_dual_arm/install/robotiq_description/share/robotiq_description/package.zsh'
[0.877s] Level 1:colcon.colcon_core.environment:create_file_with_runtime_dependencies(/home/rosi/ws_dual_arm/install/robotiq_description/share/colcon-core/packages/robotiq_description)
[0.878s] Level 1:colcon.colcon_core.environment:create_environment_scripts_only(robotiq_description)
[0.878s] Level 1:colcon.colcon_core.environment:checking '/home/rosi/ws_dual_arm/install/robotiq_description' for CMake module files
[0.878s] Level 1:colcon.colcon_core.environment:checking '/home/rosi/ws_dual_arm/install/robotiq_description' for CMake config files
[0.879s] Level 1:colcon.colcon_core.shell:create_environment_hook('robotiq_description', 'cmake_prefix_path')
[0.879s] INFO:colcon.colcon_core.shell:Creating environment hook '/home/rosi/ws_dual_arm/install/robotiq_description/share/robotiq_description/hook/cmake_prefix_path.ps1'
[0.880s] INFO:colcon.colcon_core.shell:Creating environment descriptor '/home/rosi/ws_dual_arm/install/robotiq_description/share/robotiq_description/hook/cmake_prefix_path.dsv'
[0.880s] INFO:colcon.colcon_core.shell:Creating environment hook '/home/rosi/ws_dual_arm/install/robotiq_description/share/robotiq_description/hook/cmake_prefix_path.sh'
[0.881s] Level 1:colcon.colcon_core.environment:checking '/home/rosi/ws_dual_arm/install/robotiq_description/bin'
[0.881s] Level 1:colcon.colcon_core.environment:checking '/home/rosi/ws_dual_arm/install/robotiq_description/lib/pkgconfig/robotiq_description.pc'
[0.881s] Level 1:colcon.colcon_core.environment:checking '/home/rosi/ws_dual_arm/install/robotiq_description/lib/python3.10/site-packages'
[0.881s] Level 1:colcon.colcon_core.environment:checking '/home/rosi/ws_dual_arm/install/robotiq_description/bin'
[0.882s] INFO:colcon.colcon_core.shell:Creating package script '/home/rosi/ws_dual_arm/install/robotiq_description/share/robotiq_description/package.ps1'
[0.882s] INFO:colcon.colcon_core.shell:Creating package descriptor '/home/rosi/ws_dual_arm/install/robotiq_description/share/robotiq_description/package.dsv'
[0.883s] INFO:colcon.colcon_core.shell:Creating package script '/home/rosi/ws_dual_arm/install/robotiq_description/share/robotiq_description/package.sh'
[0.883s] INFO:colcon.colcon_core.shell:Creating package script '/home/rosi/ws_dual_arm/install/robotiq_description/share/robotiq_description/package.bash'
[0.884s] INFO:colcon.colcon_core.shell:Creating package script '/home/rosi/ws_dual_arm/install/robotiq_description/share/robotiq_description/package.zsh'
[0.884s] Level 1:colcon.colcon_core.environment:create_file_with_runtime_dependencies(/home/rosi/ws_dual_arm/install/robotiq_description/share/colcon-core/packages/robotiq_description)
[0.885s] Level 1:colcon.colcon_core.environment:create_environment_scripts_only(zed_description)
[0.885s] Level 1:colcon.colcon_core.environment:checking '/home/rosi/ws_dual_arm/install/zed_description' for CMake module files
[0.886s] DEBUG:colcon.colcon_core.event_handler.log_command:Invoked command in '/home/rosi/ws_dual_arm/build/zed_description' returned '0': CMAKE_PREFIX_PATH=${CMAKE_PREFIX_PATH}:/home/rosi/ws_dual_arm/install/zed_description:/home/rosi/ws_dual_arm/install/robotiq_description:/home/rosi/ws_dual_arm/install/dual_arm_pkg:/opt/ros/humble /usr/bin/cmake --install /home/rosi/ws_dual_arm/build/zed_description
[0.886s] Level 1:colcon.colcon_core.environment:checking '/home/rosi/ws_dual_arm/install/zed_description' for CMake config files
[0.886s] Level 1:colcon.colcon_core.shell:create_environment_hook('zed_description', 'cmake_prefix_path')
[0.887s] INFO:colcon.colcon_core.shell:Creating environment hook '/home/rosi/ws_dual_arm/install/zed_description/share/zed_description/hook/cmake_prefix_path.ps1'
[0.887s] INFO:colcon.colcon_core.shell:Creating environment descriptor '/home/rosi/ws_dual_arm/install/zed_description/share/zed_description/hook/cmake_prefix_path.dsv'
[0.887s] INFO:colcon.colcon_core.shell:Creating environment hook '/home/rosi/ws_dual_arm/install/zed_description/share/zed_description/hook/cmake_prefix_path.sh'
[0.888s] Level 1:colcon.colcon_core.environment:checking '/home/rosi/ws_dual_arm/install/zed_description/bin'
[0.888s] Level 1:colcon.colcon_core.environment:checking '/home/rosi/ws_dual_arm/install/zed_description/lib/pkgconfig/zed_description.pc'
[0.888s] Level 1:colcon.colcon_core.environment:checking '/home/rosi/ws_dual_arm/install/zed_description/lib/python3.10/site-packages'
[0.889s] Level 1:colcon.colcon_core.environment:checking '/home/rosi/ws_dual_arm/install/zed_description/bin'
[0.889s] INFO:colcon.colcon_core.shell:Creating package script '/home/rosi/ws_dual_arm/install/zed_description/share/zed_description/package.ps1'
[0.890s] INFO:colcon.colcon_core.shell:Creating package descriptor '/home/rosi/ws_dual_arm/install/zed_description/share/zed_description/package.dsv'
[0.890s] INFO:colcon.colcon_core.shell:Creating package script '/home/rosi/ws_dual_arm/install/zed_description/share/zed_description/package.sh'
[0.890s] INFO:colcon.colcon_core.shell:Creating package script '/home/rosi/ws_dual_arm/install/zed_description/share/zed_description/package.bash'
[0.891s] INFO:colcon.colcon_core.shell:Creating package script '/home/rosi/ws_dual_arm/install/zed_description/share/zed_description/package.zsh'
[0.891s] Level 1:colcon.colcon_core.environment:create_file_with_runtime_dependencies(/home/rosi/ws_dual_arm/install/zed_description/share/colcon-core/packages/zed_description)
[0.892s] Level 1:colcon.colcon_core.environment:create_environment_scripts_only(zed_description)
[0.892s] Level 1:colcon.colcon_core.environment:checking '/home/rosi/ws_dual_arm/install/zed_description' for CMake module files
[0.892s] Level 1:colcon.colcon_core.environment:checking '/home/rosi/ws_dual_arm/install/zed_description' for CMake config files
[0.893s] Level 1:colcon.colcon_core.shell:create_environment_hook('zed_description', 'cmake_prefix_path')
[0.893s] INFO:colcon.colcon_core.shell:Creating environment hook '/home/rosi/ws_dual_arm/install/zed_description/share/zed_description/hook/cmake_prefix_path.ps1'
[0.893s] INFO:colcon.colcon_core.shell:Creating environment descriptor '/home/rosi/ws_dual_arm/install/zed_description/share/zed_description/hook/cmake_prefix_path.dsv'
[0.894s] INFO:colcon.colcon_core.shell:Creating environment hook '/home/rosi/ws_dual_arm/install/zed_description/share/zed_description/hook/cmake_prefix_path.sh'
[0.894s] Level 1:colcon.colcon_core.environment:checking '/home/rosi/ws_dual_arm/install/zed_description/bin'
[0.894s] Level 1:colcon.colcon_core.environment:checking '/home/rosi/ws_dual_arm/install/zed_description/lib/pkgconfig/zed_description.pc'
[0.894s] Level 1:colcon.colcon_core.environment:checking '/home/rosi/ws_dual_arm/install/zed_description/lib/python3.10/site-packages'
[0.895s] Level 1:colcon.colcon_core.environment:checking '/home/rosi/ws_dual_arm/install/zed_description/bin'
[0.895s] INFO:colcon.colcon_core.shell:Creating package script '/home/rosi/ws_dual_arm/install/zed_description/share/zed_description/package.ps1'
[0.896s] INFO:colcon.colcon_core.shell:Creating package descriptor '/home/rosi/ws_dual_arm/install/zed_description/share/zed_description/package.dsv'
[0.896s] INFO:colcon.colcon_core.shell:Creating package script '/home/rosi/ws_dual_arm/install/zed_description/share/zed_description/package.sh'
[0.896s] INFO:colcon.colcon_core.shell:Creating package script '/home/rosi/ws_dual_arm/install/zed_description/share/zed_description/package.bash'
[0.897s] INFO:colcon.colcon_core.shell:Creating package script '/home/rosi/ws_dual_arm/install/zed_description/share/zed_description/package.zsh'
[0.897s] Level 1:colcon.colcon_core.environment:create_file_with_runtime_dependencies(/home/rosi/ws_dual_arm/install/zed_description/share/colcon-core/packages/zed_description)
[0.897s] Level 1:colcon.colcon_core.environment:create_environment_scripts_only(robotiq_controllers)
[0.898s] Level 1:colcon.colcon_core.environment:checking '/home/rosi/ws_dual_arm/install/robotiq_controllers' for CMake module files
[0.899s] DEBUG:colcon.colcon_core.event_handler.log_command:Invoked command in '/home/rosi/ws_dual_arm/build/robotiq_controllers' returned '0': CMAKE_PREFIX_PATH=${CMAKE_PREFIX_PATH}:/home/rosi/ws_dual_arm/install/zed_description:/home/rosi/ws_dual_arm/install/robotiq_description:/home/rosi/ws_dual_arm/install/dual_arm_pkg:/opt/ros/humble /usr/bin/cmake --install /home/rosi/ws_dual_arm/build/robotiq_controllers
[0.899s] Level 1:colcon.colcon_core.environment:checking '/home/rosi/ws_dual_arm/install/robotiq_controllers' for CMake config files
[0.899s] Level 1:colcon.colcon_core.shell:create_environment_hook('robotiq_controllers', 'cmake_prefix_path')
[0.900s] INFO:colcon.colcon_core.shell:Creating environment hook '/home/rosi/ws_dual_arm/install/robotiq_controllers/share/robotiq_controllers/hook/cmake_prefix_path.ps1'
[0.900s] INFO:colcon.colcon_core.shell:Creating environment descriptor '/home/rosi/ws_dual_arm/install/robotiq_controllers/share/robotiq_controllers/hook/cmake_prefix_path.dsv'
[0.900s] INFO:colcon.colcon_core.shell:Creating environment hook '/home/rosi/ws_dual_arm/install/robotiq_controllers/share/robotiq_controllers/hook/cmake_prefix_path.sh'
[0.901s] Level 1:colcon.colcon_core.environment:checking '/home/rosi/ws_dual_arm/install/robotiq_controllers/lib'
[0.901s] Level 1:colcon.colcon_core.shell:create_environment_hook('robotiq_controllers', 'ld_library_path_lib')
[0.901s] INFO:colcon.colcon_core.shell:Creating environment hook '/home/rosi/ws_dual_arm/install/robotiq_controllers/share/robotiq_controllers/hook/ld_library_path_lib.ps1'
[0.902s] INFO:colcon.colcon_core.shell:Creating environment descriptor '/home/rosi/ws_dual_arm/install/robotiq_controllers/share/robotiq_controllers/hook/ld_library_path_lib.dsv'
[0.902s] INFO:colcon.colcon_core.shell:Creating environment hook '/home/rosi/ws_dual_arm/install/robotiq_controllers/share/robotiq_controllers/hook/ld_library_path_lib.sh'
[0.902s] Level 1:colcon.colcon_core.environment:checking '/home/rosi/ws_dual_arm/install/robotiq_controllers/bin'
[0.902s] Level 1:colcon.colcon_core.environment:checking '/home/rosi/ws_dual_arm/install/robotiq_controllers/lib/pkgconfig/robotiq_controllers.pc'
[0.903s] Level 1:colcon.colcon_core.environment:checking '/home/rosi/ws_dual_arm/install/robotiq_controllers/lib/python3.10/site-packages'
[0.903s] Level 1:colcon.colcon_core.environment:checking '/home/rosi/ws_dual_arm/install/robotiq_controllers/bin'
[0.903s] INFO:colcon.colcon_core.shell:Creating package script '/home/rosi/ws_dual_arm/install/robotiq_controllers/share/robotiq_controllers/package.ps1'
[0.904s] INFO:colcon.colcon_core.shell:Creating package descriptor '/home/rosi/ws_dual_arm/install/robotiq_controllers/share/robotiq_controllers/package.dsv'
[0.904s] INFO:colcon.colcon_core.shell:Creating package script '/home/rosi/ws_dual_arm/install/robotiq_controllers/share/robotiq_controllers/package.sh'
[0.905s] INFO:colcon.colcon_core.shell:Creating package script '/home/rosi/ws_dual_arm/install/robotiq_controllers/share/robotiq_controllers/package.bash'
[0.905s] INFO:colcon.colcon_core.shell:Creating package script '/home/rosi/ws_dual_arm/install/robotiq_controllers/share/robotiq_controllers/package.zsh'
[0.905s] Level 1:colcon.colcon_core.environment:create_file_with_runtime_dependencies(/home/rosi/ws_dual_arm/install/robotiq_controllers/share/colcon-core/packages/robotiq_controllers)
[0.906s] Level 1:colcon.colcon_core.environment:create_environment_scripts_only(robotiq_controllers)
[0.906s] Level 1:colcon.colcon_core.environment:checking '/home/rosi/ws_dual_arm/install/robotiq_controllers' for CMake module files
[0.907s] Level 1:colcon.colcon_core.environment:checking '/home/rosi/ws_dual_arm/install/robotiq_controllers' for CMake config files
[0.907s] Level 1:colcon.colcon_core.shell:create_environment_hook('robotiq_controllers', 'cmake_prefix_path')
[0.908s] INFO:colcon.colcon_core.shell:Creating environment hook '/home/rosi/ws_dual_arm/install/robotiq_controllers/share/robotiq_controllers/hook/cmake_prefix_path.ps1'
[0.908s] INFO:colcon.colcon_core.shell:Creating environment descriptor '/home/rosi/ws_dual_arm/install/robotiq_controllers/share/robotiq_controllers/hook/cmake_prefix_path.dsv'
[0.909s] INFO:colcon.colcon_core.shell:Creating environment hook '/home/rosi/ws_dual_arm/install/robotiq_controllers/share/robotiq_controllers/hook/cmake_prefix_path.sh'
[0.909s] Level 1:colcon.colcon_core.environment:checking '/home/rosi/ws_dual_arm/install/robotiq_controllers/lib'
[0.909s] Level 1:colcon.colcon_core.shell:create_environment_hook('robotiq_controllers', 'ld_library_path_lib')
[0.909s] INFO:colcon.colcon_core.shell:Creating environment hook '/home/rosi/ws_dual_arm/install/robotiq_controllers/share/robotiq_controllers/hook/ld_library_path_lib.ps1'
[0.910s] INFO:colcon.colcon_core.shell:Creating environment descriptor '/home/rosi/ws_dual_arm/install/robotiq_controllers/share/robotiq_controllers/hook/ld_library_path_lib.dsv'
[0.910s] INFO:colcon.colcon_core.shell:Creating environment hook '/home/rosi/ws_dual_arm/install/robotiq_controllers/share/robotiq_controllers/hook/ld_library_path_lib.sh'
[0.910s] Level 1:colcon.colcon_core.environment:checking '/home/rosi/ws_dual_arm/install/robotiq_controllers/bin'
[0.911s] Level 1:colcon.colcon_core.environment:checking '/home/rosi/ws_dual_arm/install/robotiq_controllers/lib/pkgconfig/robotiq_controllers.pc'
[0.911s] Level 1:colcon.colcon_core.environment:checking '/home/rosi/ws_dual_arm/install/robotiq_controllers/lib/python3.10/site-packages'
[0.911s] Level 1:colcon.colcon_core.environment:checking '/home/rosi/ws_dual_arm/install/robotiq_controllers/bin'
[0.911s] INFO:colcon.colcon_core.shell:Creating package script '/home/rosi/ws_dual_arm/install/robotiq_controllers/share/robotiq_controllers/package.ps1'
[0.912s] INFO:colcon.colcon_core.shell:Creating package descriptor '/home/rosi/ws_dual_arm/install/robotiq_controllers/share/robotiq_controllers/package.dsv'
[0.913s] INFO:colcon.colcon_core.shell:Creating package script '/home/rosi/ws_dual_arm/install/robotiq_controllers/share/robotiq_controllers/package.sh'
[0.913s] INFO:colcon.colcon_core.shell:Creating package script '/home/rosi/ws_dual_arm/install/robotiq_controllers/share/robotiq_controllers/package.bash'
[0.913s] INFO:colcon.colcon_core.shell:Creating package script '/home/rosi/ws_dual_arm/install/robotiq_controllers/share/robotiq_controllers/package.zsh'
[0.914s] Level 1:colcon.colcon_core.environment:create_file_with_runtime_dependencies(/home/rosi/ws_dual_arm/install/robotiq_controllers/share/colcon-core/packages/robotiq_controllers)
[0.915s] DEBUG:colcon.colcon_core.event_handler.log_command:Invoked command in '/home/rosi/ws_dual_arm/build/dual_arm_control' returned '0': CMAKE_PREFIX_PATH=${CMAKE_PREFIX_PATH}:/home/rosi/ws_dual_arm/install/zed_description:/home/rosi/ws_dual_arm/install/robotiq_description:/home/rosi/ws_dual_arm/install/dual_arm_pkg:/opt/ros/humble /usr/bin/cmake --build /home/rosi/ws_dual_arm/build/dual_arm_control -- -j20 -l20
[0.917s] DEBUG:colcon.colcon_core.event_handler.log_command:Invoking command in '/home/rosi/ws_dual_arm/build/dual_arm_control': CMAKE_PREFIX_PATH=${CMAKE_PREFIX_PATH}:/home/rosi/ws_dual_arm/install/zed_description:/home/rosi/ws_dual_arm/install/robotiq_description:/home/rosi/ws_dual_arm/install/dual_arm_pkg:/opt/ros/humble /usr/bin/cmake --install /home/rosi/ws_dual_arm/build/dual_arm_control
[0.920s] DEBUG:colcon.colcon_core.event_handler.log_command:Invoking command in '/home/rosi/ws_dual_arm/build/dual_arm_moveit_config': CMAKE_PREFIX_PATH=/home/rosi/ws_dual_arm/install/dual_arm_pkg:/home/rosi/ws_dual_arm/install/robotiq_controllers:/home/rosi/ws_dual_arm/install/dual_arm_moveit_config:/home/rosi/ws_dual_arm/install/dual_arm_control:/home/rosi/ws_dual_arm/install/zed_description:/home/rosi/ws_dual_arm/install/robotiq_description:/opt/ros/humble /usr/bin/cmake --build /home/rosi/ws_dual_arm/build/dual_arm_moveit_config -- -j20 -l20
[0.946s] Level 1:colcon.colcon_core.environment:create_environment_scripts_only(dual_arm_control)
[0.946s] Level 1:colcon.colcon_core.environment:checking '/home/rosi/ws_dual_arm/install/dual_arm_control' for CMake module files
[0.947s] DEBUG:colcon.colcon_core.event_handler.log_command:Invoked command in '/home/rosi/ws_dual_arm/build/dual_arm_control' returned '0': CMAKE_PREFIX_PATH=${CMAKE_PREFIX_PATH}:/home/rosi/ws_dual_arm/install/zed_description:/home/rosi/ws_dual_arm/install/robotiq_description:/home/rosi/ws_dual_arm/install/dual_arm_pkg:/opt/ros/humble /usr/bin/cmake --install /home/rosi/ws_dual_arm/build/dual_arm_control
[0.947s] Level 1:colcon.colcon_core.environment:checking '/home/rosi/ws_dual_arm/install/dual_arm_control' for CMake config files
[0.948s] Level 1:colcon.colcon_core.shell:create_environment_hook('dual_arm_control', 'cmake_prefix_path')
[0.948s] INFO:colcon.colcon_core.shell:Creating environment hook '/home/rosi/ws_dual_arm/install/dual_arm_control/share/dual_arm_control/hook/cmake_prefix_path.ps1'
[0.949s] INFO:colcon.colcon_core.shell:Creating environment descriptor '/home/rosi/ws_dual_arm/install/dual_arm_control/share/dual_arm_control/hook/cmake_prefix_path.dsv'
[0.950s] INFO:colcon.colcon_core.shell:Creating environment hook '/home/rosi/ws_dual_arm/install/dual_arm_control/share/dual_arm_control/hook/cmake_prefix_path.sh'
[0.951s] Level 1:colcon.colcon_core.environment:checking '/home/rosi/ws_dual_arm/install/dual_arm_control/lib'
[0.951s] Level 1:colcon.colcon_core.environment:checking '/home/rosi/ws_dual_arm/install/dual_arm_control/bin'
[0.951s] Level 1:colcon.colcon_core.environment:checking '/home/rosi/ws_dual_arm/install/dual_arm_control/lib/pkgconfig/dual_arm_control.pc'
[0.951s] Level 1:colcon.colcon_core.environment:checking '/home/rosi/ws_dual_arm/install/dual_arm_control/lib/python3.10/site-packages'
[0.952s] Level 1:colcon.colcon_core.environment:checking '/home/rosi/ws_dual_arm/install/dual_arm_control/bin'
[0.952s] INFO:colcon.colcon_core.shell:Creating package script '/home/rosi/ws_dual_arm/install/dual_arm_control/share/dual_arm_control/package.ps1'
[0.953s] INFO:colcon.colcon_core.shell:Creating package descriptor '/home/rosi/ws_dual_arm/install/dual_arm_control/share/dual_arm_control/package.dsv'
[0.954s] INFO:colcon.colcon_core.shell:Creating package script '/home/rosi/ws_dual_arm/install/dual_arm_control/share/dual_arm_control/package.sh'
[0.955s] INFO:colcon.colcon_core.shell:Creating package script '/home/rosi/ws_dual_arm/install/dual_arm_control/share/dual_arm_control/package.bash'
[0.956s] INFO:colcon.colcon_core.shell:Creating package script '/home/rosi/ws_dual_arm/install/dual_arm_control/share/dual_arm_control/package.zsh'
[0.956s] Level 1:colcon.colcon_core.environment:create_file_with_runtime_dependencies(/home/rosi/ws_dual_arm/install/dual_arm_control/share/colcon-core/packages/dual_arm_control)
[0.956s] Level 1:colcon.colcon_core.environment:create_environment_scripts_only(dual_arm_control)
[0.957s] Level 1:colcon.colcon_core.environment:checking '/home/rosi/ws_dual_arm/install/dual_arm_control' for CMake module files
[0.957s] Level 1:colcon.colcon_core.environment:checking '/home/rosi/ws_dual_arm/install/dual_arm_control' for CMake config files
[0.957s] Level 1:colcon.colcon_core.shell:create_environment_hook('dual_arm_control', 'cmake_prefix_path')
[0.958s] INFO:colcon.colcon_core.shell:Creating environment hook '/home/rosi/ws_dual_arm/install/dual_arm_control/share/dual_arm_control/hook/cmake_prefix_path.ps1'
[0.958s] INFO:colcon.colcon_core.shell:Creating environment descriptor '/home/rosi/ws_dual_arm/install/dual_arm_control/share/dual_arm_control/hook/cmake_prefix_path.dsv'
[0.958s] INFO:colcon.colcon_core.shell:Creating environment hook '/home/rosi/ws_dual_arm/install/dual_arm_control/share/dual_arm_control/hook/cmake_prefix_path.sh'
[0.959s] Level 1:colcon.colcon_core.environment:checking '/home/rosi/ws_dual_arm/install/dual_arm_control/lib'
[0.959s] Level 1:colcon.colcon_core.environment:checking '/home/rosi/ws_dual_arm/install/dual_arm_control/bin'
[0.959s] Level 1:colcon.colcon_core.environment:checking '/home/rosi/ws_dual_arm/install/dual_arm_control/lib/pkgconfig/dual_arm_control.pc'
[0.959s] Level 1:colcon.colcon_core.environment:checking '/home/rosi/ws_dual_arm/install/dual_arm_control/lib/python3.10/site-packages'
[0.960s] Level 1:colcon.colcon_core.environment:checking '/home/rosi/ws_dual_arm/install/dual_arm_control/bin'
[0.960s] INFO:colcon.colcon_core.shell:Creating package script '/home/rosi/ws_dual_arm/install/dual_arm_control/share/dual_arm_control/package.ps1'
[0.960s] INFO:colcon.colcon_core.shell:Creating package descriptor '/home/rosi/ws_dual_arm/install/dual_arm_control/share/dual_arm_control/package.dsv'
[0.961s] INFO:colcon.colcon_core.shell:Creating package script '/home/rosi/ws_dual_arm/install/dual_arm_control/share/dual_arm_control/package.sh'
[0.961s] INFO:colcon.colcon_core.shell:Creating package script '/home/rosi/ws_dual_arm/install/dual_arm_control/share/dual_arm_control/package.bash'
[0.962s] INFO:colcon.colcon_core.shell:Creating package script '/home/rosi/ws_dual_arm/install/dual_arm_control/share/dual_arm_control/package.zsh'
[0.962s] Level 1:colcon.colcon_core.environment:create_file_with_runtime_dependencies(/home/rosi/ws_dual_arm/install/dual_arm_control/share/colcon-core/packages/dual_arm_control)
[0.968s] DEBUG:colcon.colcon_core.event_handler.log_command:Invoked command in '/home/rosi/ws_dual_arm/build/dual_arm_moveit_config' returned '0': CMAKE_PREFIX_PATH=/home/rosi/ws_dual_arm/install/dual_arm_pkg:/home/rosi/ws_dual_arm/install/robotiq_controllers:/home/rosi/ws_dual_arm/install/dual_arm_moveit_config:/home/rosi/ws_dual_arm/install/dual_arm_control:/home/rosi/ws_dual_arm/install/zed_description:/home/rosi/ws_dual_arm/install/robotiq_description:/opt/ros/humble /usr/bin/cmake --build /home/rosi/ws_dual_arm/build/dual_arm_moveit_config -- -j20 -l20
[0.969s] DEBUG:colcon.colcon_core.event_handler.log_command:Invoking command in '/home/rosi/ws_dual_arm/build/dual_arm_moveit_config': CMAKE_PREFIX_PATH=/home/rosi/ws_dual_arm/install/dual_arm_pkg:/home/rosi/ws_dual_arm/install/robotiq_controllers:/home/rosi/ws_dual_arm/install/dual_arm_moveit_config:/home/rosi/ws_dual_arm/install/dual_arm_control:/home/rosi/ws_dual_arm/install/zed_description:/home/rosi/ws_dual_arm/install/robotiq_description:/opt/ros/humble /usr/bin/cmake --install /home/rosi/ws_dual_arm/build/dual_arm_moveit_config
[0.988s] Level 1:colcon.colcon_core.environment:create_environment_scripts_only(dual_arm_moveit_config)
[0.989s] DEBUG:colcon.colcon_core.event_handler.log_command:Invoked command in '/home/rosi/ws_dual_arm/build/dual_arm_moveit_config' returned '0': CMAKE_PREFIX_PATH=/home/rosi/ws_dual_arm/install/dual_arm_pkg:/home/rosi/ws_dual_arm/install/robotiq_controllers:/home/rosi/ws_dual_arm/install/dual_arm_moveit_config:/home/rosi/ws_dual_arm/install/dual_arm_control:/home/rosi/ws_dual_arm/install/zed_description:/home/rosi/ws_dual_arm/install/robotiq_description:/opt/ros/humble /usr/bin/cmake --install /home/rosi/ws_dual_arm/build/dual_arm_moveit_config
[0.989s] Level 1:colcon.colcon_core.environment:checking '/home/rosi/ws_dual_arm/install/dual_arm_moveit_config' for CMake module files
[0.990s] Level 1:colcon.colcon_core.environment:checking '/home/rosi/ws_dual_arm/install/dual_arm_moveit_config' for CMake config files
[0.991s] Level 1:colcon.colcon_core.shell:create_environment_hook('dual_arm_moveit_config', 'cmake_prefix_path')
[0.991s] INFO:colcon.colcon_core.shell:Creating environment hook '/home/rosi/ws_dual_arm/install/dual_arm_moveit_config/share/dual_arm_moveit_config/hook/cmake_prefix_path.ps1'
[0.992s] INFO:colcon.colcon_core.shell:Creating environment descriptor '/home/rosi/ws_dual_arm/install/dual_arm_moveit_config/share/dual_arm_moveit_config/hook/cmake_prefix_path.dsv'
[0.993s] INFO:colcon.colcon_core.shell:Creating environment hook '/home/rosi/ws_dual_arm/install/dual_arm_moveit_config/share/dual_arm_moveit_config/hook/cmake_prefix_path.sh'
[0.994s] Level 1:colcon.colcon_core.environment:checking '/home/rosi/ws_dual_arm/install/dual_arm_moveit_config/bin'
[0.994s] Level 1:colcon.colcon_core.environment:checking '/home/rosi/ws_dual_arm/install/dual_arm_moveit_config/lib/pkgconfig/dual_arm_moveit_config.pc'
[0.995s] Level 1:colcon.colcon_core.environment:checking '/home/rosi/ws_dual_arm/install/dual_arm_moveit_config/lib/python3.10/site-packages'
[0.995s] Level 1:colcon.colcon_core.environment:checking '/home/rosi/ws_dual_arm/install/dual_arm_moveit_config/bin'
[0.996s] INFO:colcon.colcon_core.shell:Creating package script '/home/rosi/ws_dual_arm/install/dual_arm_moveit_config/share/dual_arm_moveit_config/package.ps1'
[0.997s] INFO:colcon.colcon_core.shell:Creating package descriptor '/home/rosi/ws_dual_arm/install/dual_arm_moveit_config/share/dual_arm_moveit_config/package.dsv'
[0.997s] INFO:colcon.colcon_core.shell:Creating package script '/home/rosi/ws_dual_arm/install/dual_arm_moveit_config/share/dual_arm_moveit_config/package.sh'
[0.998s] INFO:colcon.colcon_core.shell:Creating package script '/home/rosi/ws_dual_arm/install/dual_arm_moveit_config/share/dual_arm_moveit_config/package.bash'
[0.999s] INFO:colcon.colcon_core.shell:Creating package script '/home/rosi/ws_dual_arm/install/dual_arm_moveit_config/share/dual_arm_moveit_config/package.zsh'
[0.999s] Level 1:colcon.colcon_core.environment:create_file_with_runtime_dependencies(/home/rosi/ws_dual_arm/install/dual_arm_moveit_config/share/colcon-core/packages/dual_arm_moveit_config)
[1.000s] Level 1:colcon.colcon_core.environment:create_environment_scripts_only(dual_arm_moveit_config)
[1.001s] Level 1:colcon.colcon_core.environment:checking '/home/rosi/ws_dual_arm/install/dual_arm_moveit_config' for CMake module files
[1.002s] Level 1:colcon.colcon_core.environment:checking '/home/rosi/ws_dual_arm/install/dual_arm_moveit_config' for CMake config files
[1.003s] Level 1:colcon.colcon_core.shell:create_environment_hook('dual_arm_moveit_config', 'cmake_prefix_path')
[1.004s] INFO:colcon.colcon_core.shell:Creating environment hook '/home/rosi/ws_dual_arm/install/dual_arm_moveit_config/share/dual_arm_moveit_config/hook/cmake_prefix_path.ps1'
[1.005s] INFO:colcon.colcon_core.shell:Creating environment descriptor '/home/rosi/ws_dual_arm/install/dual_arm_moveit_config/share/dual_arm_moveit_config/hook/cmake_prefix_path.dsv'
[1.005s] INFO:colcon.colcon_core.shell:Creating environment hook '/home/rosi/ws_dual_arm/install/dual_arm_moveit_config/share/dual_arm_moveit_config/hook/cmake_prefix_path.sh'
[1.006s] Level 1:colcon.colcon_core.environment:checking '/home/rosi/ws_dual_arm/install/dual_arm_moveit_config/bin'
[1.006s] Level 1:colcon.colcon_core.environment:checking '/home/rosi/ws_dual_arm/install/dual_arm_moveit_config/lib/pkgconfig/dual_arm_moveit_config.pc'
[1.007s] Level 1:colcon.colcon_core.environment:checking '/home/rosi/ws_dual_arm/install/dual_arm_moveit_config/lib/python3.10/site-packages'
[1.007s] Level 1:colcon.colcon_core.environment:checking '/home/rosi/ws_dual_arm/install/dual_arm_moveit_config/bin'
[1.008s] INFO:colcon.colcon_core.shell:Creating package script '/home/rosi/ws_dual_arm/install/dual_arm_moveit_config/share/dual_arm_moveit_config/package.ps1'
[1.009s] INFO:colcon.colcon_core.shell:Creating package descriptor '/home/rosi/ws_dual_arm/install/dual_arm_moveit_config/share/dual_arm_moveit_config/package.dsv'
[1.010s] INFO:colcon.colcon_core.shell:Creating package script '/home/rosi/ws_dual_arm/install/dual_arm_moveit_config/share/dual_arm_moveit_config/package.sh'
[1.010s] INFO:colcon.colcon_core.shell:Creating package script '/home/rosi/ws_dual_arm/install/dual_arm_moveit_config/share/dual_arm_moveit_config/package.bash'
[1.011s] INFO:colcon.colcon_core.shell:Creating package script '/home/rosi/ws_dual_arm/install/dual_arm_moveit_config/share/dual_arm_moveit_config/package.zsh'
[1.012s] Level 1:colcon.colcon_core.environment:create_file_with_runtime_dependencies(/home/rosi/ws_dual_arm/install/dual_arm_moveit_config/share/colcon-core/packages/dual_arm_moveit_config)
[1.158s] DEBUG:colcon.colcon_core.event_handler.log_command:Invoked command in '/home/rosi/ws_dual_arm/build/easy_handeye2_msgs' returned '0': CMAKE_PREFIX_PATH=${CMAKE_PREFIX_PATH}:/home/rosi/ws_dual_arm/install/zed_description:/home/rosi/ws_dual_arm/install/robotiq_description:/home/rosi/ws_dual_arm/install/dual_arm_pkg:/opt/ros/humble /usr/bin/cmake --build /home/rosi/ws_dual_arm/build/easy_handeye2_msgs -- -j20 -l20
[1.162s] DEBUG:colcon.colcon_core.event_handler.log_command:Invoking command in '/home/rosi/ws_dual_arm/build/easy_handeye2_msgs': CMAKE_PREFIX_PATH=${CMAKE_PREFIX_PATH}:/home/rosi/ws_dual_arm/install/zed_description:/home/rosi/ws_dual_arm/install/robotiq_description:/home/rosi/ws_dual_arm/install/dual_arm_pkg:/opt/ros/humble /usr/bin/cmake --install /home/rosi/ws_dual_arm/build/easy_handeye2_msgs
[6.497s] Level 1:colcon.colcon_core.environment:create_environment_scripts_only(easy_handeye2_msgs)
[6.497s] Level 1:colcon.colcon_core.environment:checking '/home/rosi/ws_dual_arm/install/easy_handeye2_msgs' for CMake module files
[6.498s] DEBUG:colcon.colcon_core.event_handler.log_command:Invoked command in '/home/rosi/ws_dual_arm/build/easy_handeye2_msgs' returned '0': CMAKE_PREFIX_PATH=${CMAKE_PREFIX_PATH}:/home/rosi/ws_dual_arm/install/zed_description:/home/rosi/ws_dual_arm/install/robotiq_description:/home/rosi/ws_dual_arm/install/dual_arm_pkg:/opt/ros/humble /usr/bin/cmake --install /home/rosi/ws_dual_arm/build/easy_handeye2_msgs
[6.498s] Level 1:colcon.colcon_core.environment:checking '/home/rosi/ws_dual_arm/install/easy_handeye2_msgs' for CMake config files
[6.501s] Level 1:colcon.colcon_core.shell:create_environment_hook('easy_handeye2_msgs', 'cmake_prefix_path')
[6.501s] INFO:colcon.colcon_core.shell:Creating environment hook '/home/rosi/ws_dual_arm/install/easy_handeye2_msgs/share/easy_handeye2_msgs/hook/cmake_prefix_path.ps1'
[6.502s] INFO:colcon.colcon_core.shell:Creating environment descriptor '/home/rosi/ws_dual_arm/install/easy_handeye2_msgs/share/easy_handeye2_msgs/hook/cmake_prefix_path.dsv'
[6.502s] INFO:colcon.colcon_core.shell:Creating environment hook '/home/rosi/ws_dual_arm/install/easy_handeye2_msgs/share/easy_handeye2_msgs/hook/cmake_prefix_path.sh'
[6.502s] Level 1:colcon.colcon_core.environment:checking '/home/rosi/ws_dual_arm/install/easy_handeye2_msgs/lib'
[6.503s] Level 1:colcon.colcon_core.shell:create_environment_hook('easy_handeye2_msgs', 'ld_library_path_lib')
[6.503s] INFO:colcon.colcon_core.shell:Creating environment hook '/home/rosi/ws_dual_arm/install/easy_handeye2_msgs/share/easy_handeye2_msgs/hook/ld_library_path_lib.ps1'
[6.503s] INFO:colcon.colcon_core.shell:Creating environment descriptor '/home/rosi/ws_dual_arm/install/easy_handeye2_msgs/share/easy_handeye2_msgs/hook/ld_library_path_lib.dsv'
[6.503s] INFO:colcon.colcon_core.shell:Creating environment hook '/home/rosi/ws_dual_arm/install/easy_handeye2_msgs/share/easy_handeye2_msgs/hook/ld_library_path_lib.sh'
[6.504s] Level 1:colcon.colcon_core.environment:checking '/home/rosi/ws_dual_arm/install/easy_handeye2_msgs/bin'
[6.504s] Level 1:colcon.colcon_core.environment:checking '/home/rosi/ws_dual_arm/install/easy_handeye2_msgs/lib/pkgconfig/easy_handeye2_msgs.pc'
[6.504s] Level 1:colcon.colcon_core.environment:checking '/home/rosi/ws_dual_arm/install/easy_handeye2_msgs/lib/python3.10/site-packages'
[6.505s] Level 1:colcon.colcon_core.environment:checking '/home/rosi/ws_dual_arm/install/easy_handeye2_msgs/bin'
[6.505s] INFO:colcon.colcon_core.shell:Creating package script '/home/rosi/ws_dual_arm/install/easy_handeye2_msgs/share/easy_handeye2_msgs/package.ps1'
[6.506s] INFO:colcon.colcon_core.shell:Creating package descriptor '/home/rosi/ws_dual_arm/install/easy_handeye2_msgs/share/easy_handeye2_msgs/package.dsv'
[6.506s] INFO:colcon.colcon_core.shell:Creating package script '/home/rosi/ws_dual_arm/install/easy_handeye2_msgs/share/easy_handeye2_msgs/package.sh'
[6.507s] INFO:colcon.colcon_core.shell:Creating package script '/home/rosi/ws_dual_arm/install/easy_handeye2_msgs/share/easy_handeye2_msgs/package.bash'
[6.507s] INFO:colcon.colcon_core.shell:Creating package script '/home/rosi/ws_dual_arm/install/easy_handeye2_msgs/share/easy_handeye2_msgs/package.zsh'
[6.508s] Level 1:colcon.colcon_core.environment:create_file_with_runtime_dependencies(/home/rosi/ws_dual_arm/install/easy_handeye2_msgs/share/colcon-core/packages/easy_handeye2_msgs)
[6.509s] Level 1:colcon.colcon_core.environment:create_environment_scripts_only(easy_handeye2_msgs)
[6.509s] Level 1:colcon.colcon_core.environment:checking '/home/rosi/ws_dual_arm/install/easy_handeye2_msgs' for CMake module files
[6.510s] Level 1:colcon.colcon_core.environment:checking '/home/rosi/ws_dual_arm/install/easy_handeye2_msgs' for CMake config files
[6.513s] Level 1:colcon.colcon_core.shell:create_environment_hook('easy_handeye2_msgs', 'cmake_prefix_path')
[6.513s] INFO:colcon.colcon_core.shell:Creating environment hook '/home/rosi/ws_dual_arm/install/easy_handeye2_msgs/share/easy_handeye2_msgs/hook/cmake_prefix_path.ps1'
[6.514s] INFO:colcon.colcon_core.shell:Creating environment descriptor '/home/rosi/ws_dual_arm/install/easy_handeye2_msgs/share/easy_handeye2_msgs/hook/cmake_prefix_path.dsv'
[6.514s] INFO:colcon.colcon_core.shell:Creating environment hook '/home/rosi/ws_dual_arm/install/easy_handeye2_msgs/share/easy_handeye2_msgs/hook/cmake_prefix_path.sh'
[6.515s] Level 1:colcon.colcon_core.environment:checking '/home/rosi/ws_dual_arm/install/easy_handeye2_msgs/lib'
[6.515s] Level 1:colcon.colcon_core.shell:create_environment_hook('easy_handeye2_msgs', 'ld_library_path_lib')
[6.515s] INFO:colcon.colcon_core.shell:Creating environment hook '/home/rosi/ws_dual_arm/install/easy_handeye2_msgs/share/easy_handeye2_msgs/hook/ld_library_path_lib.ps1'
[6.516s] INFO:colcon.colcon_core.shell:Creating environment descriptor '/home/rosi/ws_dual_arm/install/easy_handeye2_msgs/share/easy_handeye2_msgs/hook/ld_library_path_lib.dsv'
[6.516s] INFO:colcon.colcon_core.shell:Creating environment hook '/home/rosi/ws_dual_arm/install/easy_handeye2_msgs/share/easy_handeye2_msgs/hook/ld_library_path_lib.sh'
[6.516s] Level 1:colcon.colcon_core.environment:checking '/home/rosi/ws_dual_arm/install/easy_handeye2_msgs/bin'
[6.516s] Level 1:colcon.colcon_core.environment:checking '/home/rosi/ws_dual_arm/install/easy_handeye2_msgs/lib/pkgconfig/easy_handeye2_msgs.pc'
[6.517s] Level 1:colcon.colcon_core.environment:checking '/home/rosi/ws_dual_arm/install/easy_handeye2_msgs/lib/python3.10/site-packages'
[6.517s] Level 1:colcon.colcon_core.environment:checking '/home/rosi/ws_dual_arm/install/easy_handeye2_msgs/bin'
[6.518s] INFO:colcon.colcon_core.shell:Creating package script '/home/rosi/ws_dual_arm/install/easy_handeye2_msgs/share/easy_handeye2_msgs/package.ps1'
[6.519s] INFO:colcon.colcon_core.shell:Creating package descriptor '/home/rosi/ws_dual_arm/install/easy_handeye2_msgs/share/easy_handeye2_msgs/package.dsv'
[6.519s] INFO:colcon.colcon_core.shell:Creating package script '/home/rosi/ws_dual_arm/install/easy_handeye2_msgs/share/easy_handeye2_msgs/package.sh'
[6.520s] INFO:colcon.colcon_core.shell:Creating package script '/home/rosi/ws_dual_arm/install/easy_handeye2_msgs/share/easy_handeye2_msgs/package.bash'
[6.521s] INFO:colcon.colcon_core.shell:Creating package script '/home/rosi/ws_dual_arm/install/easy_handeye2_msgs/share/easy_handeye2_msgs/package.zsh'
[6.522s] Level 1:colcon.colcon_core.environment:create_file_with_runtime_dependencies(/home/rosi/ws_dual_arm/install/easy_handeye2_msgs/share/colcon-core/packages/easy_handeye2_msgs)
[6.522s] INFO:colcon.colcon_ros.task.ament_python.build:Building ROS package in '/home/rosi/ws_dual_arm/src/easy_handeye2/easy_handeye2' with build type 'ament_python'
[6.522s] Level 1:colcon.colcon_core.shell:create_environment_hook('easy_handeye2', 'ament_prefix_path')
[6.523s] INFO:colcon.colcon_core.shell:Creating environment hook '/home/rosi/ws_dual_arm/install/easy_handeye2/share/easy_handeye2/hook/ament_prefix_path.ps1'
[6.524s] INFO:colcon.colcon_core.shell:Creating environment descriptor '/home/rosi/ws_dual_arm/install/easy_handeye2/share/easy_handeye2/hook/ament_prefix_path.dsv'
[6.525s] INFO:colcon.colcon_core.shell:Creating environment hook '/home/rosi/ws_dual_arm/install/easy_handeye2/share/easy_handeye2/hook/ament_prefix_path.sh'
[6.526s] INFO:colcon.colcon_core.shell:Skip shell extension 'powershell' for command environment: Not usable outside of PowerShell
[6.526s] DEBUG:colcon.colcon_core.shell:Skip shell extension 'dsv' for command environment
[6.852s] INFO:colcon.colcon_core.task.python.build:Building Python package in '/home/rosi/ws_dual_arm/src/easy_handeye2/easy_handeye2'
[6.853s] INFO:colcon.colcon_core.shell:Skip shell extension 'powershell' for command environment: Not usable outside of PowerShell
[6.853s] DEBUG:colcon.colcon_core.shell:Skip shell extension 'dsv' for command environment
[7.282s] DEBUG:colcon.colcon_core.event_handler.log_command:Invoking command in '/home/rosi/ws_dual_arm/build/easy_handeye2': AMENT_PREFIX_PATH=/home/rosi/ws_dual_arm/install/easy_handeye2_msgs:${AMENT_PREFIX_PATH} CMAKE_PREFIX_PATH=/home/rosi/ws_dual_arm/install/easy_handeye2_msgs:${CMAKE_PREFIX_PATH} LD_LIBRARY_PATH=/home/rosi/ws_dual_arm/install/easy_handeye2_msgs/lib:${LD_LIBRARY_PATH} PYTHONPATH=/home/rosi/ws_dual_arm/build/easy_handeye2/prefix_override:/usr/lib/python3/dist-packages/colcon_core/task/python/colcon_distutils_commands:/home/rosi/ws_dual_arm/install/easy_handeye2/lib/python3.10/site-packages:/home/rosi/ws_dual_arm/install/easy_handeye2_msgs/local/lib/python3.10/dist-packages:${PYTHONPATH} /usr/bin/python3 -W ignore:setup.py install is deprecated -W ignore:easy_install command is deprecated setup.py develop --editable --build-directory /home/rosi/ws_dual_arm/build/easy_handeye2/build --no-deps symlink_data
[7.838s] Level 1:colcon.colcon_core.shell:create_environment_hook('easy_handeye2', 'pythonpath_develop')
[7.839s] INFO:colcon.colcon_core.shell:Creating environment hook '/home/rosi/ws_dual_arm/build/easy_handeye2/share/easy_handeye2/hook/pythonpath_develop.ps1'
[7.839s] DEBUG:colcon.colcon_core.event_handler.log_command:Invoked command in '/home/rosi/ws_dual_arm/build/easy_handeye2' returned '0': AMENT_PREFIX_PATH=/home/rosi/ws_dual_arm/install/easy_handeye2_msgs:${AMENT_PREFIX_PATH} CMAKE_PREFIX_PATH=/home/rosi/ws_dual_arm/install/easy_handeye2_msgs:${CMAKE_PREFIX_PATH} LD_LIBRARY_PATH=/home/rosi/ws_dual_arm/install/easy_handeye2_msgs/lib:${LD_LIBRARY_PATH} PYTHONPATH=/home/rosi/ws_dual_arm/build/easy_handeye2/prefix_override:/usr/lib/python3/dist-packages/colcon_core/task/python/colcon_distutils_commands:/home/rosi/ws_dual_arm/install/easy_handeye2/lib/python3.10/site-packages:/home/rosi/ws_dual_arm/install/easy_handeye2_msgs/local/lib/python3.10/dist-packages:${PYTHONPATH} /usr/bin/python3 -W ignore:setup.py install is deprecated -W ignore:easy_install command is deprecated setup.py develop --editable --build-directory /home/rosi/ws_dual_arm/build/easy_handeye2/build --no-deps symlink_data
[7.840s] INFO:colcon.colcon_core.shell:Creating environment descriptor '/home/rosi/ws_dual_arm/build/easy_handeye2/share/easy_handeye2/hook/pythonpath_develop.dsv'
[7.841s] INFO:colcon.colcon_core.shell:Creating environment hook '/home/rosi/ws_dual_arm/build/easy_handeye2/share/easy_handeye2/hook/pythonpath_develop.sh'
[7.842s] Level 1:colcon.colcon_core.environment:checking '/home/rosi/ws_dual_arm/install/easy_handeye2' for CMake module files
[7.843s] Level 1:colcon.colcon_core.environment:checking '/home/rosi/ws_dual_arm/install/easy_handeye2' for CMake config files
[7.844s] Level 1:colcon.colcon_core.environment:checking '/home/rosi/ws_dual_arm/install/easy_handeye2/lib'
[7.844s] Level 1:colcon.colcon_core.environment:checking '/home/rosi/ws_dual_arm/install/easy_handeye2/bin'
[7.844s] Level 1:colcon.colcon_core.environment:checking '/home/rosi/ws_dual_arm/install/easy_handeye2/lib/pkgconfig/easy_handeye2.pc'
[7.845s] Level 1:colcon.colcon_core.environment:checking '/home/rosi/ws_dual_arm/install/easy_handeye2/lib/python3.10/site-packages'
[7.845s] Level 1:colcon.colcon_core.shell:create_environment_hook('easy_handeye2', 'pythonpath')
[7.845s] INFO:colcon.colcon_core.shell:Creating environment hook '/home/rosi/ws_dual_arm/install/easy_handeye2/share/easy_handeye2/hook/pythonpath.ps1'
[7.846s] INFO:colcon.colcon_core.shell:Creating environment descriptor '/home/rosi/ws_dual_arm/install/easy_handeye2/share/easy_handeye2/hook/pythonpath.dsv'
[7.846s] INFO:colcon.colcon_core.shell:Creating environment hook '/home/rosi/ws_dual_arm/install/easy_handeye2/share/easy_handeye2/hook/pythonpath.sh'
[7.847s] Level 1:colcon.colcon_core.environment:checking '/home/rosi/ws_dual_arm/install/easy_handeye2/bin'
[7.847s] Level 1:colcon.colcon_core.environment:create_environment_scripts_only(easy_handeye2)
[7.847s] INFO:colcon.colcon_core.shell:Creating package script '/home/rosi/ws_dual_arm/install/easy_handeye2/share/easy_handeye2/package.ps1'
[7.848s] INFO:colcon.colcon_core.shell:Creating package descriptor '/home/rosi/ws_dual_arm/install/easy_handeye2/share/easy_handeye2/package.dsv'
[7.849s] INFO:colcon.colcon_core.shell:Creating package script '/home/rosi/ws_dual_arm/install/easy_handeye2/share/easy_handeye2/package.sh'
[7.849s] INFO:colcon.colcon_core.shell:Creating package script '/home/rosi/ws_dual_arm/install/easy_handeye2/share/easy_handeye2/package.bash'
[7.850s] INFO:colcon.colcon_core.shell:Creating package script '/home/rosi/ws_dual_arm/install/easy_handeye2/share/easy_handeye2/package.zsh'
[7.850s] Level 1:colcon.colcon_core.environment:create_file_with_runtime_dependencies(/home/rosi/ws_dual_arm/install/easy_handeye2/share/colcon-core/packages/easy_handeye2)
[7.850s] DEBUG:colcon.colcon_parallel_executor.executor.parallel:closing loop
[7.851s] DEBUG:colcon.colcon_parallel_executor.executor.parallel:loop closed
[7.851s] DEBUG:colcon.colcon_parallel_executor.executor.parallel:run_until_complete finished with '0'
[7.851s] DEBUG:colcon.colcon_core.event_reactor:joining thread
[7.865s] INFO:colcon.colcon_core.plugin_system:Skipping extension 'colcon_notification.desktop_notification.terminal_notifier': Not used on non-Darwin systems
[7.865s] INFO:colcon.colcon_core.plugin_system:Skipping extension 'colcon_notification.desktop_notification.win32': Not used on non-Windows systems
[7.865s] INFO:colcon.colcon_notification.desktop_notification:Sending desktop notification using 'notify2'
[7.884s] DEBUG:colcon.colcon_core.event_reactor:joined thread
[7.885s] INFO:colcon.colcon_core.shell:Creating prefix script '/home/rosi/ws_dual_arm/install/local_setup.ps1'
[7.886s] INFO:colcon.colcon_core.shell:Creating prefix util module '/home/rosi/ws_dual_arm/install/_local_setup_util_ps1.py'
[7.889s] INFO:colcon.colcon_core.shell:Creating prefix chain script '/home/rosi/ws_dual_arm/install/setup.ps1'
[7.890s] INFO:colcon.colcon_core.shell:Creating prefix script '/home/rosi/ws_dual_arm/install/local_setup.sh'
[7.891s] INFO:colcon.colcon_core.shell:Creating prefix util module '/home/rosi/ws_dual_arm/install/_local_setup_util_sh.py'
[7.892s] INFO:colcon.colcon_core.shell:Creating prefix chain script '/home/rosi/ws_dual_arm/install/setup.sh'
[7.894s] INFO:colcon.colcon_core.shell:Creating prefix script '/home/rosi/ws_dual_arm/install/local_setup.bash'
[7.895s] INFO:colcon.colcon_core.shell:Creating prefix chain script '/home/rosi/ws_dual_arm/install/setup.bash'
[7.898s] INFO:colcon.colcon_core.shell:Creating prefix script '/home/rosi/ws_dual_arm/install/local_setup.zsh'
[7.899s] INFO:colcon.colcon_core.shell:Creating prefix chain script '/home/rosi/ws_dual_arm/install/setup.zsh'
