[0.000000] (-) TimerEvent: {}
[0.000454] (-) JobUnselected: {'identifier': 'dual_arm_control'}
[0.000517] (-) JobUnselected: {'identifier': 'dual_arm_moveit_config'}
[0.000536] (-) JobUnselected: {'identifier': 'dual_arm_pkg'}
[0.000550] (-) JobUnselected: {'identifier': 'robotiq_controllers'}
[0.000563] (-) JobUnselected: {'identifier': 'robotiq_description'}
[0.000576] (-) JobUnselected: {'identifier': 'robotiq_driver'}
[0.000589] (-) JobUnselected: {'identifier': 'robotiq_hardware_tests'}
[0.000601] (-) JobUnselected: {'identifier': 'zed_description'}
[0.000617] (easy_handeye2_msgs) JobQueued: {'identifier': 'easy_handeye2_msgs', 'dependencies': OrderedDict()}
[0.000635] (easy_handeye2) JobQueued: {'identifier': 'easy_handeye2', 'dependencies': OrderedDict([('easy_handeye2_msgs', '/home/rosi/ws_dual_arm/install/easy_handeye2_msgs')])}
[0.000654] (easy_handeye2_msgs) JobStarted: {'identifier': 'easy_handeye2_msgs'}
[0.015880] (easy_handeye2_msgs) JobProgress: {'identifier': 'easy_handeye2_msgs', 'progress': 'cmake'}
[0.018236] (easy_handeye2_msgs) Command: {'cmd': ['/usr/bin/cmake', '/home/rosi/ws_dual_arm/src/easy_handeye2/easy_handeye2_msgs', '-DCMAKE_INSTALL_PREFIX=/home/rosi/ws_dual_arm/install/easy_handeye2_msgs'], 'cwd': '/home/rosi/ws_dual_arm/build/easy_handeye2_msgs', 'env': OrderedDict([('LESSOPEN', '| /usr/bin/lesspipe %s'), ('LANGUAGE', 'en_US:'), ('USER', 'rosi'), ('LC_TIME', 'id_ID.UTF-8'), ('XDG_SESSION_TYPE', 'x11'), ('SHLVL', '1'), ('LD_LIBRARY_PATH', '/opt/ros/humble/opt/rviz_ogre_vendor/lib:/opt/ros/humble/lib/x86_64-linux-gnu:/opt/ros/humble/lib'), ('HOME', '/home/rosi'), ('OLDPWD', '/home/rosi/ws_dual_arm/src'), ('DESKTOP_SESSION', 'ubuntu'), ('ROS_PYTHON_VERSION', '3'), ('GNOME_SHELL_SESSION_MODE', 'ubuntu'), ('GTK_MODULES', 'gail:atk-bridge'), ('LC_MONETARY', 'id_ID.UTF-8'), ('SYSTEMD_EXEC_PID', '4124'), ('DBUS_SESSION_BUS_ADDRESS', 'unix:path=/run/user/1001/bus'), ('COLORTERM', 'truecolor'), ('IM_CONFIG_PHASE', '1'), ('ROS_DISTRO', 'humble'), ('GTK_IM_MODULE', 'ibus'), ('LOGNAME', 'rosi'), ('_', '/usr/bin/colcon'), ('ROS_VERSION', '2'), ('XDG_SESSION_CLASS', 'user'), ('USERNAME', 'rosi'), ('TERM', 'xterm-256color'), ('GNOME_DESKTOP_SESSION_ID', 'this-is-deprecated'), ('ROS_LOCALHOST_ONLY', '0'), ('WINDOWPATH', '2'), ('PATH', '/opt/ros/humble/bin:/home/rosi/.local/bin:/usr/local/sbin:/usr/local/bin:/usr/sbin:/usr/bin:/sbin:/bin:/usr/games:/usr/local/games:/snap/bin:/snap/bin'), ('SESSION_MANAGER', 'local/rosi-Precision-3571:@/tmp/.ICE-unix/4091,unix/rosi-Precision-3571:/tmp/.ICE-unix/4091'), ('XDG_MENU_PREFIX', 'gnome-'), ('LC_ADDRESS', 'id_ID.UTF-8'), ('GNOME_TERMINAL_SCREEN', '/org/gnome/Terminal/screen/778fd73a_6fc7_40cd_954c_f51238d48955'), ('XDG_RUNTIME_DIR', '/run/user/1001'), ('DISPLAY', ':1'), ('LANG', 'en_US.UTF-8'), ('XDG_CURRENT_DESKTOP', 'ubuntu:GNOME'), ('LC_TELEPHONE', 'id_ID.UTF-8'), ('XMODIFIERS', '@im=ibus'), ('XDG_SESSION_DESKTOP', 'ubuntu'), ('XAUTHORITY', '/run/user/1001/gdm/Xauthority'), ('LS_COLORS', 'rs=0:di=01;34:ln=01;36:mh=00:pi=40;33:so=01;35:do=01;35:bd=40;33;01:cd=40;33;01:or=40;31;01:mi=00:su=37;41:sg=30;43:ca=30;41:tw=30;42:ow=34;42:st=37;44:ex=01;32:*.tar=01;31:*.tgz=01;31:*.arc=01;31:*.arj=01;31:*.taz=01;31:*.lha=01;31:*.lz4=01;31:*.lzh=01;31:*.lzma=01;31:*.tlz=01;31:*.txz=01;31:*.tzo=01;31:*.t7z=01;31:*.zip=01;31:*.z=01;31:*.dz=01;31:*.gz=01;31:*.lrz=01;31:*.lz=01;31:*.lzo=01;31:*.xz=01;31:*.zst=01;31:*.tzst=01;31:*.bz2=01;31:*.bz=01;31:*.tbz=01;31:*.tbz2=01;31:*.tz=01;31:*.deb=01;31:*.rpm=01;31:*.jar=01;31:*.war=01;31:*.ear=01;31:*.sar=01;31:*.rar=01;31:*.alz=01;31:*.ace=01;31:*.zoo=01;31:*.cpio=01;31:*.7z=01;31:*.rz=01;31:*.cab=01;31:*.wim=01;31:*.swm=01;31:*.dwm=01;31:*.esd=01;31:*.jpg=01;35:*.jpeg=01;35:*.mjpg=01;35:*.mjpeg=01;35:*.gif=01;35:*.bmp=01;35:*.pbm=01;35:*.pgm=01;35:*.ppm=01;35:*.tga=01;35:*.xbm=01;35:*.xpm=01;35:*.tif=01;35:*.tiff=01;35:*.png=01;35:*.svg=01;35:*.svgz=01;35:*.mng=01;35:*.pcx=01;35:*.mov=01;35:*.mpg=01;35:*.mpeg=01;35:*.m2v=01;35:*.mkv=01;35:*.webm=01;35:*.webp=01;35:*.ogm=01;35:*.mp4=01;35:*.m4v=01;35:*.mp4v=01;35:*.vob=01;35:*.qt=01;35:*.nuv=01;35:*.wmv=01;35:*.asf=01;35:*.rm=01;35:*.rmvb=01;35:*.flc=01;35:*.avi=01;35:*.fli=01;35:*.flv=01;35:*.gl=01;35:*.dl=01;35:*.xcf=01;35:*.xwd=01;35:*.yuv=01;35:*.cgm=01;35:*.emf=01;35:*.ogv=01;35:*.ogx=01;35:*.aac=00;36:*.au=00;36:*.flac=00;36:*.m4a=00;36:*.mid=00;36:*.midi=00;36:*.mka=00;36:*.mp3=00;36:*.mpc=00;36:*.ogg=00;36:*.ra=00;36:*.wav=00;36:*.oga=00;36:*.opus=00;36:*.spx=00;36:*.xspf=00;36:'), ('GNOME_TERMINAL_SERVICE', ':1.98'), ('SSH_AGENT_LAUNCHER', 'gnome-keyring'), ('SSH_AUTH_SOCK', '/run/user/1001/keyring/ssh'), ('AMENT_PREFIX_PATH', '/opt/ros/humble'), ('SHELL', '/bin/bash'), ('LC_NAME', 'id_ID.UTF-8'), ('QT_ACCESSIBILITY', '1'), ('GDMSESSION', 'ubuntu'), ('LESSCLOSE', '/usr/bin/lesspipe %s %s'), ('LC_MEASUREMENT', 'id_ID.UTF-8'), ('GPG_AGENT_INFO', '/run/user/1001/gnupg/S.gpg-agent:0:1'), ('LC_IDENTIFICATION', 'id_ID.UTF-8'), ('QT_IM_MODULE', 'ibus'), ('PWD', '/home/rosi/ws_dual_arm/build/easy_handeye2_msgs'), ('LC_ALL', 'en_US.UTF-8'), ('XDG_CONFIG_DIRS', '/etc/xdg/xdg-ubuntu:/etc/xdg'), ('XDG_DATA_DIRS', '/usr/share/ubuntu:/usr/share/gnome:/home/rosi/.local/share/flatpak/exports/share:/var/lib/flatpak/exports/share:/usr/local/share/:/usr/share/:/var/lib/snapd/desktop'), ('PYTHONPATH', '/opt/ros/humble/lib/python3.10/site-packages:/opt/ros/humble/local/lib/python3.10/dist-packages'), ('LC_NUMERIC', 'id_ID.UTF-8'), ('LC_PAPER', 'id_ID.UTF-8'), ('COLCON', '1'), ('VTE_VERSION', '6800'), ('CMAKE_PREFIX_PATH', '/opt/ros/humble')]), 'shell': False}
[0.066382] (easy_handeye2_msgs) StdoutLine: {'line': b'-- Found ament_cmake: 1.3.14 (/opt/ros/humble/share/ament_cmake/cmake)\n'}
[0.099376] (-) TimerEvent: {}
[0.199739] (-) TimerEvent: {}
[0.249829] (easy_handeye2_msgs) StdoutLine: {'line': b'-- Override CMake install command with custom implementation using symlinks instead of copying resources\n'}
[0.265757] (easy_handeye2_msgs) StdoutLine: {'line': b'-- Found rosidl_default_generators: 1.2.1 (/opt/ros/humble/share/rosidl_default_generators/cmake)\n'}
[0.270375] (easy_handeye2_msgs) StdoutLine: {'line': b'-- Using all available rosidl_typesupport_c: rosidl_typesupport_fastrtps_c;rosidl_typesupport_introspection_c\n'}
[0.276580] (easy_handeye2_msgs) StdoutLine: {'line': b'-- Found rosidl_adapter: 3.1.8 (/opt/ros/humble/share/rosidl_adapter/cmake)\n'}
[0.299931] (-) TimerEvent: {}
[0.329748] (easy_handeye2_msgs) StdoutLine: {'line': b'-- Using all available rosidl_typesupport_cpp: rosidl_typesupport_fastrtps_cpp;rosidl_typesupport_introspection_cpp\n'}
[0.365374] (easy_handeye2_msgs) StdoutLine: {'line': b'-- Found std_msgs: 4.9.1 (/opt/ros/humble/share/std_msgs/cmake)\n'}
[0.394970] (easy_handeye2_msgs) StdoutLine: {'line': b'-- Found geometry_msgs: 4.9.1 (/opt/ros/humble/share/geometry_msgs/cmake)\n'}
[0.400127] (-) TimerEvent: {}
[0.500414] (-) TimerEvent: {}
[0.600789] (-) TimerEvent: {}
[0.701138] (-) TimerEvent: {}
[0.801458] (-) TimerEvent: {}
[0.901819] (-) TimerEvent: {}
[0.957536] (easy_handeye2_msgs) StdoutLine: {'line': b'-- Found ament_cmake_ros: 0.10.0 (/opt/ros/humble/share/ament_cmake_ros/cmake)\n'}
[1.002051] (-) TimerEvent: {}
[1.102488] (-) TimerEvent: {}
[1.202974] (-) TimerEvent: {}
[1.303417] (-) TimerEvent: {}
[1.317979] (easy_handeye2_msgs) StdoutLine: {'line': b'-- Using all available rosidl_typesupport_c: rosidl_typesupport_fastrtps_c;rosidl_typesupport_introspection_c\n'}
[1.403564] (-) TimerEvent: {}
[1.504091] (-) TimerEvent: {}
[1.604554] (-) TimerEvent: {}
[1.704977] (-) TimerEvent: {}
[1.784407] (easy_handeye2_msgs) StdoutLine: {'line': b'-- Using all available rosidl_typesupport_cpp: rosidl_typesupport_fastrtps_cpp;rosidl_typesupport_introspection_cpp\n'}
[1.805212] (-) TimerEvent: {}
[1.824370] (easy_handeye2_msgs) StdoutLine: {'line': b'-- Found python_cmake_module: 0.10.0 (/opt/ros/humble/share/python_cmake_module/cmake)\n'}
[1.863739] (easy_handeye2_msgs) StdoutLine: {'line': b'-- Using PYTHON_EXECUTABLE: /usr/bin/python3\n'}
[1.863989] (easy_handeye2_msgs) StdoutLine: {'line': b'-- Using PYTHON_INCLUDE_DIRS: /usr/include/python3.10\n'}
[1.864119] (easy_handeye2_msgs) StdoutLine: {'line': b'-- Using PYTHON_LIBRARIES: /usr/lib/x86_64-linux-gnu/libpython3.10.so\n'}
[1.905411] (-) TimerEvent: {}
[2.005838] (-) TimerEvent: {}
[2.059160] (easy_handeye2_msgs) StdoutLine: {'line': b'-- Configuring done\n'}
[2.106057] (-) TimerEvent: {}
[2.154507] (easy_handeye2_msgs) StdoutLine: {'line': b'-- Generating done\n'}
[2.170277] (easy_handeye2_msgs) StdoutLine: {'line': b'-- Build files have been written to: /home/rosi/ws_dual_arm/build/easy_handeye2_msgs\n'}
[2.181675] (easy_handeye2_msgs) CommandEnded: {'returncode': 0}
[2.182472] (easy_handeye2_msgs) JobProgress: {'identifier': 'easy_handeye2_msgs', 'progress': 'build'}
[2.182506] (easy_handeye2_msgs) Command: {'cmd': ['/usr/bin/cmake', '--build', '/home/rosi/ws_dual_arm/build/easy_handeye2_msgs', '--', '-j20', '-l20'], 'cwd': '/home/rosi/ws_dual_arm/build/easy_handeye2_msgs', 'env': OrderedDict([('LESSOPEN', '| /usr/bin/lesspipe %s'), ('LANGUAGE', 'en_US:'), ('USER', 'rosi'), ('LC_TIME', 'id_ID.UTF-8'), ('XDG_SESSION_TYPE', 'x11'), ('SHLVL', '1'), ('LD_LIBRARY_PATH', '/opt/ros/humble/opt/rviz_ogre_vendor/lib:/opt/ros/humble/lib/x86_64-linux-gnu:/opt/ros/humble/lib'), ('HOME', '/home/rosi'), ('OLDPWD', '/home/rosi/ws_dual_arm/src'), ('DESKTOP_SESSION', 'ubuntu'), ('ROS_PYTHON_VERSION', '3'), ('GNOME_SHELL_SESSION_MODE', 'ubuntu'), ('GTK_MODULES', 'gail:atk-bridge'), ('LC_MONETARY', 'id_ID.UTF-8'), ('SYSTEMD_EXEC_PID', '4124'), ('DBUS_SESSION_BUS_ADDRESS', 'unix:path=/run/user/1001/bus'), ('COLORTERM', 'truecolor'), ('IM_CONFIG_PHASE', '1'), ('ROS_DISTRO', 'humble'), ('GTK_IM_MODULE', 'ibus'), ('LOGNAME', 'rosi'), ('_', '/usr/bin/colcon'), ('ROS_VERSION', '2'), ('XDG_SESSION_CLASS', 'user'), ('USERNAME', 'rosi'), ('TERM', 'xterm-256color'), ('GNOME_DESKTOP_SESSION_ID', 'this-is-deprecated'), ('ROS_LOCALHOST_ONLY', '0'), ('WINDOWPATH', '2'), ('PATH', '/opt/ros/humble/bin:/home/rosi/.local/bin:/usr/local/sbin:/usr/local/bin:/usr/sbin:/usr/bin:/sbin:/bin:/usr/games:/usr/local/games:/snap/bin:/snap/bin'), ('SESSION_MANAGER', 'local/rosi-Precision-3571:@/tmp/.ICE-unix/4091,unix/rosi-Precision-3571:/tmp/.ICE-unix/4091'), ('XDG_MENU_PREFIX', 'gnome-'), ('LC_ADDRESS', 'id_ID.UTF-8'), ('GNOME_TERMINAL_SCREEN', '/org/gnome/Terminal/screen/778fd73a_6fc7_40cd_954c_f51238d48955'), ('XDG_RUNTIME_DIR', '/run/user/1001'), ('DISPLAY', ':1'), ('LANG', 'en_US.UTF-8'), ('XDG_CURRENT_DESKTOP', 'ubuntu:GNOME'), ('LC_TELEPHONE', 'id_ID.UTF-8'), ('XMODIFIERS', '@im=ibus'), ('XDG_SESSION_DESKTOP', 'ubuntu'), ('XAUTHORITY', '/run/user/1001/gdm/Xauthority'), ('LS_COLORS', 'rs=0:di=01;34:ln=01;36:mh=00:pi=40;33:so=01;35:do=01;35:bd=40;33;01:cd=40;33;01:or=40;31;01:mi=00:su=37;41:sg=30;43:ca=30;41:tw=30;42:ow=34;42:st=37;44:ex=01;32:*.tar=01;31:*.tgz=01;31:*.arc=01;31:*.arj=01;31:*.taz=01;31:*.lha=01;31:*.lz4=01;31:*.lzh=01;31:*.lzma=01;31:*.tlz=01;31:*.txz=01;31:*.tzo=01;31:*.t7z=01;31:*.zip=01;31:*.z=01;31:*.dz=01;31:*.gz=01;31:*.lrz=01;31:*.lz=01;31:*.lzo=01;31:*.xz=01;31:*.zst=01;31:*.tzst=01;31:*.bz2=01;31:*.bz=01;31:*.tbz=01;31:*.tbz2=01;31:*.tz=01;31:*.deb=01;31:*.rpm=01;31:*.jar=01;31:*.war=01;31:*.ear=01;31:*.sar=01;31:*.rar=01;31:*.alz=01;31:*.ace=01;31:*.zoo=01;31:*.cpio=01;31:*.7z=01;31:*.rz=01;31:*.cab=01;31:*.wim=01;31:*.swm=01;31:*.dwm=01;31:*.esd=01;31:*.jpg=01;35:*.jpeg=01;35:*.mjpg=01;35:*.mjpeg=01;35:*.gif=01;35:*.bmp=01;35:*.pbm=01;35:*.pgm=01;35:*.ppm=01;35:*.tga=01;35:*.xbm=01;35:*.xpm=01;35:*.tif=01;35:*.tiff=01;35:*.png=01;35:*.svg=01;35:*.svgz=01;35:*.mng=01;35:*.pcx=01;35:*.mov=01;35:*.mpg=01;35:*.mpeg=01;35:*.m2v=01;35:*.mkv=01;35:*.webm=01;35:*.webp=01;35:*.ogm=01;35:*.mp4=01;35:*.m4v=01;35:*.mp4v=01;35:*.vob=01;35:*.qt=01;35:*.nuv=01;35:*.wmv=01;35:*.asf=01;35:*.rm=01;35:*.rmvb=01;35:*.flc=01;35:*.avi=01;35:*.fli=01;35:*.flv=01;35:*.gl=01;35:*.dl=01;35:*.xcf=01;35:*.xwd=01;35:*.yuv=01;35:*.cgm=01;35:*.emf=01;35:*.ogv=01;35:*.ogx=01;35:*.aac=00;36:*.au=00;36:*.flac=00;36:*.m4a=00;36:*.mid=00;36:*.midi=00;36:*.mka=00;36:*.mp3=00;36:*.mpc=00;36:*.ogg=00;36:*.ra=00;36:*.wav=00;36:*.oga=00;36:*.opus=00;36:*.spx=00;36:*.xspf=00;36:'), ('GNOME_TERMINAL_SERVICE', ':1.98'), ('SSH_AGENT_LAUNCHER', 'gnome-keyring'), ('SSH_AUTH_SOCK', '/run/user/1001/keyring/ssh'), ('AMENT_PREFIX_PATH', '/opt/ros/humble'), ('SHELL', '/bin/bash'), ('LC_NAME', 'id_ID.UTF-8'), ('QT_ACCESSIBILITY', '1'), ('GDMSESSION', 'ubuntu'), ('LESSCLOSE', '/usr/bin/lesspipe %s %s'), ('LC_MEASUREMENT', 'id_ID.UTF-8'), ('GPG_AGENT_INFO', '/run/user/1001/gnupg/S.gpg-agent:0:1'), ('LC_IDENTIFICATION', 'id_ID.UTF-8'), ('QT_IM_MODULE', 'ibus'), ('PWD', '/home/rosi/ws_dual_arm/build/easy_handeye2_msgs'), ('LC_ALL', 'en_US.UTF-8'), ('XDG_CONFIG_DIRS', '/etc/xdg/xdg-ubuntu:/etc/xdg'), ('XDG_DATA_DIRS', '/usr/share/ubuntu:/usr/share/gnome:/home/rosi/.local/share/flatpak/exports/share:/var/lib/flatpak/exports/share:/usr/local/share/:/usr/share/:/var/lib/snapd/desktop'), ('PYTHONPATH', '/opt/ros/humble/lib/python3.10/site-packages:/opt/ros/humble/local/lib/python3.10/dist-packages'), ('LC_NUMERIC', 'id_ID.UTF-8'), ('LC_PAPER', 'id_ID.UTF-8'), ('COLCON', '1'), ('VTE_VERSION', '6800'), ('CMAKE_PREFIX_PATH', '/opt/ros/humble')]), 'shell': False}
[2.206305] (-) TimerEvent: {}
[2.262209] (easy_handeye2_msgs) StdoutLine: {'line': b'\x1b[35m\x1b[1mConsolidate compiler generated dependencies of target easy_handeye2_msgs__rosidl_generator_c\x1b[0m\n'}
[2.268699] (easy_handeye2_msgs) StdoutLine: {'line': b'[  1%] Built target easy_handeye2_msgs__rs\n'}
[2.269765] (easy_handeye2_msgs) StdoutLine: {'line': b'[  1%] Built target easy_handeye2_msgs__cpp\n'}
[2.275703] (easy_handeye2_msgs) StdoutLine: {'line': b'[  1%] Built target ament_cmake_python_symlink_easy_handeye2_msgs\n'}
[2.297067] (easy_handeye2_msgs) StdoutLine: {'line': b'[ 13%] Built target easy_handeye2_msgs__rosidl_generator_c\n'}
[2.304199] (easy_handeye2_msgs) StdoutLine: {'line': b'\x1b[35m\x1b[1mConsolidate compiler generated dependencies of target easy_handeye2_msgs__rosidl_typesupport_cpp\x1b[0m\n'}
[2.305909] (easy_handeye2_msgs) StdoutLine: {'line': b'\x1b[35m\x1b[1mConsolidate compiler generated dependencies of target easy_handeye2_msgs__rosidl_typesupport_fastrtps_cpp\x1b[0m\n'}
[2.306214] (easy_handeye2_msgs) StdoutLine: {'line': b'\x1b[35m\x1b[1mConsolidate compiler generated dependencies of target easy_handeye2_msgs__rosidl_typesupport_introspection_cpp\x1b[0m\n'}
[2.306326] (-) TimerEvent: {}
[2.328877] (easy_handeye2_msgs) StdoutLine: {'line': b'\x1b[35m\x1b[1mConsolidate compiler generated dependencies of target easy_handeye2_msgs__rosidl_typesupport_c\x1b[0m\n'}
[2.329785] (easy_handeye2_msgs) StdoutLine: {'line': b'\x1b[35m\x1b[1mConsolidate compiler generated dependencies of target easy_handeye2_msgs__rosidl_typesupport_introspection_c\x1b[0m\n'}
[2.335837] (easy_handeye2_msgs) StdoutLine: {'line': b'\x1b[35m\x1b[1mConsolidate compiler generated dependencies of target easy_handeye2_msgs__rosidl_typesupport_fastrtps_c\x1b[0m\n'}
[2.351927] (easy_handeye2_msgs) StdoutLine: {'line': b'[ 25%] Built target easy_handeye2_msgs__rosidl_typesupport_introspection_cpp\n'}
[2.354731] (easy_handeye2_msgs) StdoutLine: {'line': b'[ 37%] Built target easy_handeye2_msgs__rosidl_typesupport_cpp\n'}
[2.357188] (easy_handeye2_msgs) StdoutLine: {'line': b'[ 49%] Built target easy_handeye2_msgs__rosidl_typesupport_c\n'}
[2.361981] (easy_handeye2_msgs) StdoutLine: {'line': b'[ 61%] Built target easy_handeye2_msgs__rosidl_typesupport_fastrtps_cpp\n'}
[2.369302] (easy_handeye2_msgs) StdoutLine: {'line': b'[ 73%] Built target easy_handeye2_msgs__rosidl_typesupport_introspection_c\n'}
[2.383171] (easy_handeye2_msgs) StdoutLine: {'line': b'[ 85%] Built target easy_handeye2_msgs__rosidl_typesupport_fastrtps_c\n'}
[2.406552] (-) TimerEvent: {}
[2.411347] (easy_handeye2_msgs) StdoutLine: {'line': b'[ 85%] Built target easy_handeye2_msgs\n'}
[2.439338] (easy_handeye2_msgs) StdoutLine: {'line': b'[ 86%] Built target easy_handeye2_msgs__py\n'}
[2.462530] (easy_handeye2_msgs) StdoutLine: {'line': b'\x1b[35m\x1b[1mConsolidate compiler generated dependencies of target easy_handeye2_msgs__rosidl_generator_py\x1b[0m\n'}
[2.492565] (easy_handeye2_msgs) StdoutLine: {'line': b'[ 97%] Built target easy_handeye2_msgs__rosidl_generator_py\n'}
[2.505741] (easy_handeye2_msgs) StdoutLine: {'line': b'\x1b[35m\x1b[1mConsolidate compiler generated dependencies of target easy_handeye2_msgs__rosidl_typesupport_introspection_c__pyext\x1b[0m\n'}
[2.506745] (-) TimerEvent: {}
[2.508208] (easy_handeye2_msgs) StdoutLine: {'line': b'\x1b[35m\x1b[1mConsolidate compiler generated dependencies of target easy_handeye2_msgs__rosidl_typesupport_fastrtps_c__pyext\x1b[0m\n'}
[2.508392] (easy_handeye2_msgs) StdoutLine: {'line': b'\x1b[35m\x1b[1mConsolidate compiler generated dependencies of target easy_handeye2_msgs__rosidl_typesupport_c__pyext\x1b[0m\n'}
[2.523626] (easy_handeye2_msgs) StdoutLine: {'line': b'[ 98%] Built target easy_handeye2_msgs__rosidl_typesupport_introspection_c__pyext\n'}
[2.524296] (easy_handeye2_msgs) StdoutLine: {'line': b'[ 99%] Built target easy_handeye2_msgs__rosidl_typesupport_fastrtps_c__pyext\n'}
[2.526849] (easy_handeye2_msgs) StdoutLine: {'line': b'[100%] Built target easy_handeye2_msgs__rosidl_typesupport_c__pyext\n'}
[2.606878] (-) TimerEvent: {}
[2.609822] (easy_handeye2_msgs) StdoutLine: {'line': b'running egg_info\n'}
[2.610775] (easy_handeye2_msgs) StdoutLine: {'line': b'writing easy_handeye2_msgs.egg-info/PKG-INFO\n'}
[2.611097] (easy_handeye2_msgs) StdoutLine: {'line': b'writing dependency_links to easy_handeye2_msgs.egg-info/dependency_links.txt\n'}
[2.611238] (easy_handeye2_msgs) StdoutLine: {'line': b'writing top-level names to easy_handeye2_msgs.egg-info/top_level.txt\n'}
[2.616396] (easy_handeye2_msgs) StdoutLine: {'line': b"reading manifest file 'easy_handeye2_msgs.egg-info/SOURCES.txt'\n"}
[2.617426] (easy_handeye2_msgs) StdoutLine: {'line': b"writing manifest file 'easy_handeye2_msgs.egg-info/SOURCES.txt'\n"}
[2.648529] (easy_handeye2_msgs) StdoutLine: {'line': b'[100%] Built target ament_cmake_python_build_easy_handeye2_msgs_egg\n'}
[2.665045] (easy_handeye2_msgs) CommandEnded: {'returncode': 0}
[2.668125] (easy_handeye2_msgs) JobProgress: {'identifier': 'easy_handeye2_msgs', 'progress': 'install'}
[2.681002] (easy_handeye2_msgs) Command: {'cmd': ['/usr/bin/cmake', '--install', '/home/rosi/ws_dual_arm/build/easy_handeye2_msgs'], 'cwd': '/home/rosi/ws_dual_arm/build/easy_handeye2_msgs', 'env': OrderedDict([('LESSOPEN', '| /usr/bin/lesspipe %s'), ('LANGUAGE', 'en_US:'), ('USER', 'rosi'), ('LC_TIME', 'id_ID.UTF-8'), ('XDG_SESSION_TYPE', 'x11'), ('SHLVL', '1'), ('LD_LIBRARY_PATH', '/opt/ros/humble/opt/rviz_ogre_vendor/lib:/opt/ros/humble/lib/x86_64-linux-gnu:/opt/ros/humble/lib'), ('HOME', '/home/rosi'), ('OLDPWD', '/home/rosi/ws_dual_arm/src'), ('DESKTOP_SESSION', 'ubuntu'), ('ROS_PYTHON_VERSION', '3'), ('GNOME_SHELL_SESSION_MODE', 'ubuntu'), ('GTK_MODULES', 'gail:atk-bridge'), ('LC_MONETARY', 'id_ID.UTF-8'), ('SYSTEMD_EXEC_PID', '4124'), ('DBUS_SESSION_BUS_ADDRESS', 'unix:path=/run/user/1001/bus'), ('COLORTERM', 'truecolor'), ('IM_CONFIG_PHASE', '1'), ('ROS_DISTRO', 'humble'), ('GTK_IM_MODULE', 'ibus'), ('LOGNAME', 'rosi'), ('_', '/usr/bin/colcon'), ('ROS_VERSION', '2'), ('XDG_SESSION_CLASS', 'user'), ('USERNAME', 'rosi'), ('TERM', 'xterm-256color'), ('GNOME_DESKTOP_SESSION_ID', 'this-is-deprecated'), ('ROS_LOCALHOST_ONLY', '0'), ('WINDOWPATH', '2'), ('PATH', '/opt/ros/humble/bin:/home/rosi/.local/bin:/usr/local/sbin:/usr/local/bin:/usr/sbin:/usr/bin:/sbin:/bin:/usr/games:/usr/local/games:/snap/bin:/snap/bin'), ('SESSION_MANAGER', 'local/rosi-Precision-3571:@/tmp/.ICE-unix/4091,unix/rosi-Precision-3571:/tmp/.ICE-unix/4091'), ('XDG_MENU_PREFIX', 'gnome-'), ('LC_ADDRESS', 'id_ID.UTF-8'), ('GNOME_TERMINAL_SCREEN', '/org/gnome/Terminal/screen/778fd73a_6fc7_40cd_954c_f51238d48955'), ('XDG_RUNTIME_DIR', '/run/user/1001'), ('DISPLAY', ':1'), ('LANG', 'en_US.UTF-8'), ('XDG_CURRENT_DESKTOP', 'ubuntu:GNOME'), ('LC_TELEPHONE', 'id_ID.UTF-8'), ('XMODIFIERS', '@im=ibus'), ('XDG_SESSION_DESKTOP', 'ubuntu'), ('XAUTHORITY', '/run/user/1001/gdm/Xauthority'), ('LS_COLORS', 'rs=0:di=01;34:ln=01;36:mh=00:pi=40;33:so=01;35:do=01;35:bd=40;33;01:cd=40;33;01:or=40;31;01:mi=00:su=37;41:sg=30;43:ca=30;41:tw=30;42:ow=34;42:st=37;44:ex=01;32:*.tar=01;31:*.tgz=01;31:*.arc=01;31:*.arj=01;31:*.taz=01;31:*.lha=01;31:*.lz4=01;31:*.lzh=01;31:*.lzma=01;31:*.tlz=01;31:*.txz=01;31:*.tzo=01;31:*.t7z=01;31:*.zip=01;31:*.z=01;31:*.dz=01;31:*.gz=01;31:*.lrz=01;31:*.lz=01;31:*.lzo=01;31:*.xz=01;31:*.zst=01;31:*.tzst=01;31:*.bz2=01;31:*.bz=01;31:*.tbz=01;31:*.tbz2=01;31:*.tz=01;31:*.deb=01;31:*.rpm=01;31:*.jar=01;31:*.war=01;31:*.ear=01;31:*.sar=01;31:*.rar=01;31:*.alz=01;31:*.ace=01;31:*.zoo=01;31:*.cpio=01;31:*.7z=01;31:*.rz=01;31:*.cab=01;31:*.wim=01;31:*.swm=01;31:*.dwm=01;31:*.esd=01;31:*.jpg=01;35:*.jpeg=01;35:*.mjpg=01;35:*.mjpeg=01;35:*.gif=01;35:*.bmp=01;35:*.pbm=01;35:*.pgm=01;35:*.ppm=01;35:*.tga=01;35:*.xbm=01;35:*.xpm=01;35:*.tif=01;35:*.tiff=01;35:*.png=01;35:*.svg=01;35:*.svgz=01;35:*.mng=01;35:*.pcx=01;35:*.mov=01;35:*.mpg=01;35:*.mpeg=01;35:*.m2v=01;35:*.mkv=01;35:*.webm=01;35:*.webp=01;35:*.ogm=01;35:*.mp4=01;35:*.m4v=01;35:*.mp4v=01;35:*.vob=01;35:*.qt=01;35:*.nuv=01;35:*.wmv=01;35:*.asf=01;35:*.rm=01;35:*.rmvb=01;35:*.flc=01;35:*.avi=01;35:*.fli=01;35:*.flv=01;35:*.gl=01;35:*.dl=01;35:*.xcf=01;35:*.xwd=01;35:*.yuv=01;35:*.cgm=01;35:*.emf=01;35:*.ogv=01;35:*.ogx=01;35:*.aac=00;36:*.au=00;36:*.flac=00;36:*.m4a=00;36:*.mid=00;36:*.midi=00;36:*.mka=00;36:*.mp3=00;36:*.mpc=00;36:*.ogg=00;36:*.ra=00;36:*.wav=00;36:*.oga=00;36:*.opus=00;36:*.spx=00;36:*.xspf=00;36:'), ('GNOME_TERMINAL_SERVICE', ':1.98'), ('SSH_AGENT_LAUNCHER', 'gnome-keyring'), ('SSH_AUTH_SOCK', '/run/user/1001/keyring/ssh'), ('AMENT_PREFIX_PATH', '/opt/ros/humble'), ('SHELL', '/bin/bash'), ('LC_NAME', 'id_ID.UTF-8'), ('QT_ACCESSIBILITY', '1'), ('GDMSESSION', 'ubuntu'), ('LESSCLOSE', '/usr/bin/lesspipe %s %s'), ('LC_MEASUREMENT', 'id_ID.UTF-8'), ('GPG_AGENT_INFO', '/run/user/1001/gnupg/S.gpg-agent:0:1'), ('LC_IDENTIFICATION', 'id_ID.UTF-8'), ('QT_IM_MODULE', 'ibus'), ('PWD', '/home/rosi/ws_dual_arm/build/easy_handeye2_msgs'), ('LC_ALL', 'en_US.UTF-8'), ('XDG_CONFIG_DIRS', '/etc/xdg/xdg-ubuntu:/etc/xdg'), ('XDG_DATA_DIRS', '/usr/share/ubuntu:/usr/share/gnome:/home/rosi/.local/share/flatpak/exports/share:/var/lib/flatpak/exports/share:/usr/local/share/:/usr/share/:/var/lib/snapd/desktop'), ('PYTHONPATH', '/opt/ros/humble/lib/python3.10/site-packages:/opt/ros/humble/local/lib/python3.10/dist-packages'), ('LC_NUMERIC', 'id_ID.UTF-8'), ('LC_PAPER', 'id_ID.UTF-8'), ('COLCON', '1'), ('VTE_VERSION', '6800'), ('CMAKE_PREFIX_PATH', '/opt/ros/humble')]), 'shell': False}
[2.692194] (easy_handeye2_msgs) StdoutLine: {'line': b'-- Install configuration: ""\n'}
[2.693823] (easy_handeye2_msgs) StdoutLine: {'line': b'-- Execute custom install script\n'}
[2.694763] (easy_handeye2_msgs) StdoutLine: {'line': b'-- Up-to-date symlink: /home/rosi/ws_dual_arm/install/easy_handeye2_msgs/share/ament_index/resource_index/rosidl_interfaces/easy_handeye2_msgs\n'}
[2.696687] (easy_handeye2_msgs) StdoutLine: {'line': b'-- Up-to-date symlink: /home/rosi/ws_dual_arm/install/easy_handeye2_msgs/include/easy_handeye2_msgs/easy_handeye2_msgs/msg/detail/handeye_calibration__functions.h\n'}
[2.696996] (easy_handeye2_msgs) StdoutLine: {'line': b'-- Up-to-date symlink: /home/rosi/ws_dual_arm/install/easy_handeye2_msgs/include/easy_handeye2_msgs/easy_handeye2_msgs/msg/detail/handeye_calibration__struct.h\n'}
[2.697328] (easy_handeye2_msgs) StdoutLine: {'line': b'-- Up-to-date symlink: /home/rosi/ws_dual_arm/install/easy_handeye2_msgs/include/easy_handeye2_msgs/easy_handeye2_msgs/msg/detail/handeye_calibration__type_support.h\n'}
[2.697577] (easy_handeye2_msgs) StdoutLine: {'line': b'-- Up-to-date symlink: /home/rosi/ws_dual_arm/install/easy_handeye2_msgs/include/easy_handeye2_msgs/easy_handeye2_msgs/msg/detail/handeye_calibration_parameters__functions.h\n'}
[2.697774] (easy_handeye2_msgs) StdoutLine: {'line': b'-- Up-to-date symlink: /home/rosi/ws_dual_arm/install/easy_handeye2_msgs/include/easy_handeye2_msgs/easy_handeye2_msgs/msg/detail/handeye_calibration_parameters__struct.h\n'}
[2.697994] (easy_handeye2_msgs) StdoutLine: {'line': b'-- Up-to-date symlink: /home/rosi/ws_dual_arm/install/easy_handeye2_msgs/include/easy_handeye2_msgs/easy_handeye2_msgs/msg/detail/handeye_calibration_parameters__type_support.h\n'}
[2.698273] (easy_handeye2_msgs) StdoutLine: {'line': b'-- Up-to-date symlink: /home/rosi/ws_dual_arm/install/easy_handeye2_msgs/include/easy_handeye2_msgs/easy_handeye2_msgs/msg/detail/sample__functions.h\n'}
[2.698535] (easy_handeye2_msgs) StdoutLine: {'line': b'-- Up-to-date symlink: /home/rosi/ws_dual_arm/install/easy_handeye2_msgs/include/easy_handeye2_msgs/easy_handeye2_msgs/msg/detail/sample__struct.h\n'}
[2.698755] (easy_handeye2_msgs) StdoutLine: {'line': b'-- Up-to-date symlink: /home/rosi/ws_dual_arm/install/easy_handeye2_msgs/include/easy_handeye2_msgs/easy_handeye2_msgs/msg/detail/sample__type_support.h\n'}
[2.698934] (easy_handeye2_msgs) StdoutLine: {'line': b'-- Up-to-date symlink: /home/rosi/ws_dual_arm/install/easy_handeye2_msgs/include/easy_handeye2_msgs/easy_handeye2_msgs/msg/detail/sample_list__functions.h\n'}
[2.699233] (easy_handeye2_msgs) StdoutLine: {'line': b'-- Up-to-date symlink: /home/rosi/ws_dual_arm/install/easy_handeye2_msgs/include/easy_handeye2_msgs/easy_handeye2_msgs/msg/detail/sample_list__struct.h\n'}
[2.699437] (easy_handeye2_msgs) StdoutLine: {'line': b'-- Up-to-date symlink: /home/rosi/ws_dual_arm/install/easy_handeye2_msgs/include/easy_handeye2_msgs/easy_handeye2_msgs/msg/detail/sample_list__type_support.h\n'}
[2.699669] (easy_handeye2_msgs) StdoutLine: {'line': b'-- Up-to-date symlink: /home/rosi/ws_dual_arm/install/easy_handeye2_msgs/include/easy_handeye2_msgs/easy_handeye2_msgs/msg/detail/target_pose_list__functions.h\n'}
[2.699898] (easy_handeye2_msgs) StdoutLine: {'line': b'-- Up-to-date symlink: /home/rosi/ws_dual_arm/install/easy_handeye2_msgs/include/easy_handeye2_msgs/easy_handeye2_msgs/msg/detail/target_pose_list__struct.h\n'}
[2.700132] (easy_handeye2_msgs) StdoutLine: {'line': b'-- Up-to-date symlink: /home/rosi/ws_dual_arm/install/easy_handeye2_msgs/include/easy_handeye2_msgs/easy_handeye2_msgs/msg/detail/target_pose_list__type_support.h\n'}
[2.700513] (easy_handeye2_msgs) StdoutLine: {'line': b'-- Up-to-date symlink: /home/rosi/ws_dual_arm/install/easy_handeye2_msgs/include/easy_handeye2_msgs/easy_handeye2_msgs/msg/handeye_calibration.h\n'}
[2.700703] (easy_handeye2_msgs) StdoutLine: {'line': b'-- Up-to-date symlink: /home/rosi/ws_dual_arm/install/easy_handeye2_msgs/include/easy_handeye2_msgs/easy_handeye2_msgs/msg/handeye_calibration_parameters.h\n'}
[2.700924] (easy_handeye2_msgs) StdoutLine: {'line': b'-- Up-to-date symlink: /home/rosi/ws_dual_arm/install/easy_handeye2_msgs/include/easy_handeye2_msgs/easy_handeye2_msgs/msg/rosidl_generator_c__visibility_control.h\n'}
[2.701158] (easy_handeye2_msgs) StdoutLine: {'line': b'-- Up-to-date symlink: /home/rosi/ws_dual_arm/install/easy_handeye2_msgs/include/easy_handeye2_msgs/easy_handeye2_msgs/msg/sample.h\n'}
[2.701378] (easy_handeye2_msgs) StdoutLine: {'line': b'-- Up-to-date symlink: /home/rosi/ws_dual_arm/install/easy_handeye2_msgs/include/easy_handeye2_msgs/easy_handeye2_msgs/msg/sample_list.h\n'}
[2.701591] (easy_handeye2_msgs) StdoutLine: {'line': b'-- Up-to-date symlink: /home/rosi/ws_dual_arm/install/easy_handeye2_msgs/include/easy_handeye2_msgs/easy_handeye2_msgs/msg/target_pose_list.h\n'}
[2.701823] (easy_handeye2_msgs) StdoutLine: {'line': b'-- Up-to-date symlink: /home/rosi/ws_dual_arm/install/easy_handeye2_msgs/include/easy_handeye2_msgs/easy_handeye2_msgs/srv/check_starting_pose.h\n'}
[2.702042] (easy_handeye2_msgs) StdoutLine: {'line': b'-- Up-to-date symlink: /home/rosi/ws_dual_arm/install/easy_handeye2_msgs/include/easy_handeye2_msgs/easy_handeye2_msgs/srv/compute_calibration.h\n'}
[2.702429] (easy_handeye2_msgs) StdoutLine: {'line': b'-- Up-to-date symlink: /home/rosi/ws_dual_arm/install/easy_handeye2_msgs/include/easy_handeye2_msgs/easy_handeye2_msgs/srv/detail/check_starting_pose__functions.h\n'}
[2.702637] (easy_handeye2_msgs) StdoutLine: {'line': b'-- Up-to-date symlink: /home/rosi/ws_dual_arm/install/easy_handeye2_msgs/include/easy_handeye2_msgs/easy_handeye2_msgs/srv/detail/check_starting_pose__struct.h\n'}
[2.702950] (easy_handeye2_msgs) StdoutLine: {'line': b'-- Up-to-date symlink: /home/rosi/ws_dual_arm/install/easy_handeye2_msgs/include/easy_handeye2_msgs/easy_handeye2_msgs/srv/detail/check_starting_pose__type_support.h\n'}
[2.703172] (easy_handeye2_msgs) StdoutLine: {'line': b'-- Up-to-date symlink: /home/rosi/ws_dual_arm/install/easy_handeye2_msgs/include/easy_handeye2_msgs/easy_handeye2_msgs/srv/detail/compute_calibration__functions.h\n'}
[2.703389] (easy_handeye2_msgs) StdoutLine: {'line': b'-- Up-to-date symlink: /home/rosi/ws_dual_arm/install/easy_handeye2_msgs/include/easy_handeye2_msgs/easy_handeye2_msgs/srv/detail/compute_calibration__struct.h\n'}
[2.703605] (easy_handeye2_msgs) StdoutLine: {'line': b'-- Up-to-date symlink: /home/rosi/ws_dual_arm/install/easy_handeye2_msgs/include/easy_handeye2_msgs/easy_handeye2_msgs/srv/detail/compute_calibration__type_support.h\n'}
[2.703830] (easy_handeye2_msgs) StdoutLine: {'line': b'-- Up-to-date symlink: /home/rosi/ws_dual_arm/install/easy_handeye2_msgs/include/easy_handeye2_msgs/easy_handeye2_msgs/srv/detail/enumerate_target_poses__functions.h\n'}
[2.704054] (easy_handeye2_msgs) StdoutLine: {'line': b'-- Up-to-date symlink: /home/rosi/ws_dual_arm/install/easy_handeye2_msgs/include/easy_handeye2_msgs/easy_handeye2_msgs/srv/detail/enumerate_target_poses__struct.h\n'}
[2.704295] (easy_handeye2_msgs) StdoutLine: {'line': b'-- Up-to-date symlink: /home/rosi/ws_dual_arm/install/easy_handeye2_msgs/include/easy_handeye2_msgs/easy_handeye2_msgs/srv/detail/enumerate_target_poses__type_support.h\n'}
[2.704517] (easy_handeye2_msgs) StdoutLine: {'line': b'-- Up-to-date symlink: /home/rosi/ws_dual_arm/install/easy_handeye2_msgs/include/easy_handeye2_msgs/easy_handeye2_msgs/srv/detail/execute_plan__functions.h\n'}
[2.704734] (easy_handeye2_msgs) StdoutLine: {'line': b'-- Up-to-date symlink: /home/rosi/ws_dual_arm/install/easy_handeye2_msgs/include/easy_handeye2_msgs/easy_handeye2_msgs/srv/detail/execute_plan__struct.h\n'}
[2.704952] (easy_handeye2_msgs) StdoutLine: {'line': b'-- Up-to-date symlink: /home/rosi/ws_dual_arm/install/easy_handeye2_msgs/include/easy_handeye2_msgs/easy_handeye2_msgs/srv/detail/execute_plan__type_support.h\n'}
[2.705176] (easy_handeye2_msgs) StdoutLine: {'line': b'-- Up-to-date symlink: /home/rosi/ws_dual_arm/install/easy_handeye2_msgs/include/easy_handeye2_msgs/easy_handeye2_msgs/srv/detail/list_algorithms__functions.h\n'}
[2.705394] (easy_handeye2_msgs) StdoutLine: {'line': b'-- Up-to-date symlink: /home/rosi/ws_dual_arm/install/easy_handeye2_msgs/include/easy_handeye2_msgs/easy_handeye2_msgs/srv/detail/list_algorithms__struct.h\n'}
[2.705609] (easy_handeye2_msgs) StdoutLine: {'line': b'-- Up-to-date symlink: /home/rosi/ws_dual_arm/install/easy_handeye2_msgs/include/easy_handeye2_msgs/easy_handeye2_msgs/srv/detail/list_algorithms__type_support.h\n'}
[2.705825] (easy_handeye2_msgs) StdoutLine: {'line': b'-- Up-to-date symlink: /home/rosi/ws_dual_arm/install/easy_handeye2_msgs/include/easy_handeye2_msgs/easy_handeye2_msgs/srv/detail/load_samples__functions.h\n'}
[2.706049] (easy_handeye2_msgs) StdoutLine: {'line': b'-- Up-to-date symlink: /home/rosi/ws_dual_arm/install/easy_handeye2_msgs/include/easy_handeye2_msgs/easy_handeye2_msgs/srv/detail/load_samples__struct.h\n'}
[2.706277] (easy_handeye2_msgs) StdoutLine: {'line': b'-- Up-to-date symlink: /home/rosi/ws_dual_arm/install/easy_handeye2_msgs/include/easy_handeye2_msgs/easy_handeye2_msgs/srv/detail/load_samples__type_support.h\n'}
[2.706505] (easy_handeye2_msgs) StdoutLine: {'line': b'-- Up-to-date symlink: /home/rosi/ws_dual_arm/install/easy_handeye2_msgs/include/easy_handeye2_msgs/easy_handeye2_msgs/srv/detail/plan_to_selected_target_pose__functions.h\n'}
[2.706716] (easy_handeye2_msgs) StdoutLine: {'line': b'-- Up-to-date symlink: /home/rosi/ws_dual_arm/install/easy_handeye2_msgs/include/easy_handeye2_msgs/easy_handeye2_msgs/srv/detail/plan_to_selected_target_pose__struct.h\n'}
[2.706938] (easy_handeye2_msgs) StdoutLine: {'line': b'-- Up-to-date symlink: /home/rosi/ws_dual_arm/install/easy_handeye2_msgs/include/easy_handeye2_msgs/easy_handeye2_msgs/srv/detail/plan_to_selected_target_pose__type_support.h\n'}
[2.707089] (-) TimerEvent: {}
[2.707292] (easy_handeye2_msgs) StdoutLine: {'line': b'-- Up-to-date symlink: /home/rosi/ws_dual_arm/install/easy_handeye2_msgs/include/easy_handeye2_msgs/easy_handeye2_msgs/srv/detail/remove_sample__functions.h\n'}
[2.707494] (easy_handeye2_msgs) StdoutLine: {'line': b'-- Up-to-date symlink: /home/rosi/ws_dual_arm/install/easy_handeye2_msgs/include/easy_handeye2_msgs/easy_handeye2_msgs/srv/detail/remove_sample__struct.h\n'}
[2.707736] (easy_handeye2_msgs) StdoutLine: {'line': b'-- Up-to-date symlink: /home/rosi/ws_dual_arm/install/easy_handeye2_msgs/include/easy_handeye2_msgs/easy_handeye2_msgs/srv/detail/remove_sample__type_support.h\n'}
[2.707964] (easy_handeye2_msgs) StdoutLine: {'line': b'-- Up-to-date symlink: /home/rosi/ws_dual_arm/install/easy_handeye2_msgs/include/easy_handeye2_msgs/easy_handeye2_msgs/srv/detail/save_calibration__functions.h\n'}
[2.708276] (easy_handeye2_msgs) StdoutLine: {'line': b'-- Up-to-date symlink: /home/rosi/ws_dual_arm/install/easy_handeye2_msgs/include/easy_handeye2_msgs/easy_handeye2_msgs/srv/detail/save_calibration__struct.h\n'}
[2.708474] (easy_handeye2_msgs) StdoutLine: {'line': b'-- Up-to-date symlink: /home/rosi/ws_dual_arm/install/easy_handeye2_msgs/include/easy_handeye2_msgs/easy_handeye2_msgs/srv/detail/save_calibration__type_support.h\n'}
[2.708683] (easy_handeye2_msgs) StdoutLine: {'line': b'-- Up-to-date symlink: /home/rosi/ws_dual_arm/install/easy_handeye2_msgs/include/easy_handeye2_msgs/easy_handeye2_msgs/srv/detail/save_samples__functions.h\n'}
[2.708901] (easy_handeye2_msgs) StdoutLine: {'line': b'-- Up-to-date symlink: /home/rosi/ws_dual_arm/install/easy_handeye2_msgs/include/easy_handeye2_msgs/easy_handeye2_msgs/srv/detail/save_samples__struct.h\n'}
[2.709125] (easy_handeye2_msgs) StdoutLine: {'line': b'-- Up-to-date symlink: /home/rosi/ws_dual_arm/install/easy_handeye2_msgs/include/easy_handeye2_msgs/easy_handeye2_msgs/srv/detail/save_samples__type_support.h\n'}
[2.709331] (easy_handeye2_msgs) StdoutLine: {'line': b'-- Up-to-date symlink: /home/rosi/ws_dual_arm/install/easy_handeye2_msgs/include/easy_handeye2_msgs/easy_handeye2_msgs/srv/detail/select_target_pose__functions.h\n'}
[2.709536] (easy_handeye2_msgs) StdoutLine: {'line': b'-- Up-to-date symlink: /home/rosi/ws_dual_arm/install/easy_handeye2_msgs/include/easy_handeye2_msgs/easy_handeye2_msgs/srv/detail/select_target_pose__struct.h\n'}
[2.709741] (easy_handeye2_msgs) StdoutLine: {'line': b'-- Up-to-date symlink: /home/rosi/ws_dual_arm/install/easy_handeye2_msgs/include/easy_handeye2_msgs/easy_handeye2_msgs/srv/detail/select_target_pose__type_support.h\n'}
[2.709947] (easy_handeye2_msgs) StdoutLine: {'line': b'-- Up-to-date symlink: /home/rosi/ws_dual_arm/install/easy_handeye2_msgs/include/easy_handeye2_msgs/easy_handeye2_msgs/srv/detail/set_algorithm__functions.h\n'}
[2.710165] (easy_handeye2_msgs) StdoutLine: {'line': b'-- Up-to-date symlink: /home/rosi/ws_dual_arm/install/easy_handeye2_msgs/include/easy_handeye2_msgs/easy_handeye2_msgs/srv/detail/set_algorithm__struct.h\n'}
[2.710382] (easy_handeye2_msgs) StdoutLine: {'line': b'-- Up-to-date symlink: /home/rosi/ws_dual_arm/install/easy_handeye2_msgs/include/easy_handeye2_msgs/easy_handeye2_msgs/srv/detail/set_algorithm__type_support.h\n'}
[2.710613] (easy_handeye2_msgs) StdoutLine: {'line': b'-- Up-to-date symlink: /home/rosi/ws_dual_arm/install/easy_handeye2_msgs/include/easy_handeye2_msgs/easy_handeye2_msgs/srv/detail/take_sample__functions.h\n'}
[2.710823] (easy_handeye2_msgs) StdoutLine: {'line': b'-- Up-to-date symlink: /home/rosi/ws_dual_arm/install/easy_handeye2_msgs/include/easy_handeye2_msgs/easy_handeye2_msgs/srv/detail/take_sample__struct.h\n'}
[2.711051] (easy_handeye2_msgs) StdoutLine: {'line': b'-- Up-to-date symlink: /home/rosi/ws_dual_arm/install/easy_handeye2_msgs/include/easy_handeye2_msgs/easy_handeye2_msgs/srv/detail/take_sample__type_support.h\n'}
[2.711291] (easy_handeye2_msgs) StdoutLine: {'line': b'-- Up-to-date symlink: /home/rosi/ws_dual_arm/install/easy_handeye2_msgs/include/easy_handeye2_msgs/easy_handeye2_msgs/srv/enumerate_target_poses.h\n'}
[2.711523] (easy_handeye2_msgs) StdoutLine: {'line': b'-- Up-to-date symlink: /home/rosi/ws_dual_arm/install/easy_handeye2_msgs/include/easy_handeye2_msgs/easy_handeye2_msgs/srv/execute_plan.h\n'}
[2.711736] (easy_handeye2_msgs) StdoutLine: {'line': b'-- Up-to-date symlink: /home/rosi/ws_dual_arm/install/easy_handeye2_msgs/include/easy_handeye2_msgs/easy_handeye2_msgs/srv/list_algorithms.h\n'}
[2.711943] (easy_handeye2_msgs) StdoutLine: {'line': b'-- Up-to-date symlink: /home/rosi/ws_dual_arm/install/easy_handeye2_msgs/include/easy_handeye2_msgs/easy_handeye2_msgs/srv/load_samples.h\n'}
[2.712166] (easy_handeye2_msgs) StdoutLine: {'line': b'-- Up-to-date symlink: /home/rosi/ws_dual_arm/install/easy_handeye2_msgs/include/easy_handeye2_msgs/easy_handeye2_msgs/srv/plan_to_selected_target_pose.h\n'}
[2.712388] (easy_handeye2_msgs) StdoutLine: {'line': b'-- Up-to-date symlink: /home/rosi/ws_dual_arm/install/easy_handeye2_msgs/include/easy_handeye2_msgs/easy_handeye2_msgs/srv/remove_sample.h\n'}
[2.712596] (easy_handeye2_msgs) StdoutLine: {'line': b'-- Up-to-date symlink: /home/rosi/ws_dual_arm/install/easy_handeye2_msgs/include/easy_handeye2_msgs/easy_handeye2_msgs/srv/save_calibration.h\n'}
[2.712804] (easy_handeye2_msgs) StdoutLine: {'line': b'-- Up-to-date symlink: /home/rosi/ws_dual_arm/install/easy_handeye2_msgs/include/easy_handeye2_msgs/easy_handeye2_msgs/srv/save_samples.h\n'}
[2.713016] (easy_handeye2_msgs) StdoutLine: {'line': b'-- Up-to-date symlink: /home/rosi/ws_dual_arm/install/easy_handeye2_msgs/include/easy_handeye2_msgs/easy_handeye2_msgs/srv/select_target_pose.h\n'}
[2.713223] (easy_handeye2_msgs) StdoutLine: {'line': b'-- Up-to-date symlink: /home/rosi/ws_dual_arm/install/easy_handeye2_msgs/include/easy_handeye2_msgs/easy_handeye2_msgs/srv/set_algorithm.h\n'}
[2.713432] (easy_handeye2_msgs) StdoutLine: {'line': b'-- Up-to-date symlink: /home/rosi/ws_dual_arm/install/easy_handeye2_msgs/include/easy_handeye2_msgs/easy_handeye2_msgs/srv/take_sample.h\n'}
[2.713845] (easy_handeye2_msgs) StdoutLine: {'line': b'-- Up-to-date symlink: /home/rosi/ws_dual_arm/install/easy_handeye2_msgs/share/easy_handeye2_msgs/environment/library_path.sh\n'}
[2.714095] (easy_handeye2_msgs) StdoutLine: {'line': b'-- Up-to-date symlink: /home/rosi/ws_dual_arm/install/easy_handeye2_msgs/share/easy_handeye2_msgs/environment/library_path.dsv\n'}
[2.715475] (easy_handeye2_msgs) StdoutLine: {'line': b'-- Up-to-date symlink: /home/rosi/ws_dual_arm/install/easy_handeye2_msgs/include/easy_handeye2_msgs/easy_handeye2_msgs/msg/detail/handeye_calibration__rosidl_typesupport_fastrtps_c.h\n'}
[2.715725] (easy_handeye2_msgs) StdoutLine: {'line': b'-- Up-to-date symlink: /home/rosi/ws_dual_arm/install/easy_handeye2_msgs/include/easy_handeye2_msgs/easy_handeye2_msgs/msg/detail/handeye_calibration_parameters__rosidl_typesupport_fastrtps_c.h\n'}
[2.715965] (easy_handeye2_msgs) StdoutLine: {'line': b'-- Up-to-date symlink: /home/rosi/ws_dual_arm/install/easy_handeye2_msgs/include/easy_handeye2_msgs/easy_handeye2_msgs/msg/detail/sample__rosidl_typesupport_fastrtps_c.h\n'}
[2.716279] (easy_handeye2_msgs) StdoutLine: {'line': b'-- Up-to-date symlink: /home/rosi/ws_dual_arm/install/easy_handeye2_msgs/include/easy_handeye2_msgs/easy_handeye2_msgs/msg/detail/sample_list__rosidl_typesupport_fastrtps_c.h\n'}
[2.716513] (easy_handeye2_msgs) StdoutLine: {'line': b'-- Up-to-date symlink: /home/rosi/ws_dual_arm/install/easy_handeye2_msgs/include/easy_handeye2_msgs/easy_handeye2_msgs/msg/detail/target_pose_list__rosidl_typesupport_fastrtps_c.h\n'}
[2.716735] (easy_handeye2_msgs) StdoutLine: {'line': b'-- Up-to-date symlink: /home/rosi/ws_dual_arm/install/easy_handeye2_msgs/include/easy_handeye2_msgs/easy_handeye2_msgs/msg/rosidl_typesupport_fastrtps_c__visibility_control.h\n'}
[2.716962] (easy_handeye2_msgs) StdoutLine: {'line': b'-- Up-to-date symlink: /home/rosi/ws_dual_arm/install/easy_handeye2_msgs/include/easy_handeye2_msgs/easy_handeye2_msgs/srv/detail/check_starting_pose__rosidl_typesupport_fastrtps_c.h\n'}
[2.717202] (easy_handeye2_msgs) StdoutLine: {'line': b'-- Up-to-date symlink: /home/rosi/ws_dual_arm/install/easy_handeye2_msgs/include/easy_handeye2_msgs/easy_handeye2_msgs/srv/detail/compute_calibration__rosidl_typesupport_fastrtps_c.h\n'}
[2.717567] (easy_handeye2_msgs) StdoutLine: {'line': b'-- Up-to-date symlink: /home/rosi/ws_dual_arm/install/easy_handeye2_msgs/include/easy_handeye2_msgs/easy_handeye2_msgs/srv/detail/enumerate_target_poses__rosidl_typesupport_fastrtps_c.h\n'}
[2.717833] (easy_handeye2_msgs) StdoutLine: {'line': b'-- Up-to-date symlink: /home/rosi/ws_dual_arm/install/easy_handeye2_msgs/include/easy_handeye2_msgs/easy_handeye2_msgs/srv/detail/execute_plan__rosidl_typesupport_fastrtps_c.h\n'}
[2.718029] (easy_handeye2_msgs) StdoutLine: {'line': b'-- Up-to-date symlink: /home/rosi/ws_dual_arm/install/easy_handeye2_msgs/include/easy_handeye2_msgs/easy_handeye2_msgs/srv/detail/list_algorithms__rosidl_typesupport_fastrtps_c.h\n'}
[2.718224] (easy_handeye2_msgs) StdoutLine: {'line': b'-- Up-to-date symlink: /home/rosi/ws_dual_arm/install/easy_handeye2_msgs/include/easy_handeye2_msgs/easy_handeye2_msgs/srv/detail/load_samples__rosidl_typesupport_fastrtps_c.h\n'}
[2.718381] (easy_handeye2_msgs) StdoutLine: {'line': b'-- Up-to-date symlink: /home/rosi/ws_dual_arm/install/easy_handeye2_msgs/include/easy_handeye2_msgs/easy_handeye2_msgs/srv/detail/plan_to_selected_target_pose__rosidl_typesupport_fastrtps_c.h\n'}
[2.718597] (easy_handeye2_msgs) StdoutLine: {'line': b'-- Up-to-date symlink: /home/rosi/ws_dual_arm/install/easy_handeye2_msgs/include/easy_handeye2_msgs/easy_handeye2_msgs/srv/detail/remove_sample__rosidl_typesupport_fastrtps_c.h\n'}
[2.718771] (easy_handeye2_msgs) StdoutLine: {'line': b'-- Up-to-date symlink: /home/rosi/ws_dual_arm/install/easy_handeye2_msgs/include/easy_handeye2_msgs/easy_handeye2_msgs/srv/detail/save_calibration__rosidl_typesupport_fastrtps_c.h\n'}
[2.719017] (easy_handeye2_msgs) StdoutLine: {'line': b'-- Up-to-date symlink: /home/rosi/ws_dual_arm/install/easy_handeye2_msgs/include/easy_handeye2_msgs/easy_handeye2_msgs/srv/detail/save_samples__rosidl_typesupport_fastrtps_c.h\n'}
[2.719231] (easy_handeye2_msgs) StdoutLine: {'line': b'-- Up-to-date symlink: /home/rosi/ws_dual_arm/install/easy_handeye2_msgs/include/easy_handeye2_msgs/easy_handeye2_msgs/srv/detail/select_target_pose__rosidl_typesupport_fastrtps_c.h\n'}
[2.719493] (easy_handeye2_msgs) StdoutLine: {'line': b'-- Up-to-date symlink: /home/rosi/ws_dual_arm/install/easy_handeye2_msgs/include/easy_handeye2_msgs/easy_handeye2_msgs/srv/detail/set_algorithm__rosidl_typesupport_fastrtps_c.h\n'}
[2.719699] (easy_handeye2_msgs) StdoutLine: {'line': b'-- Up-to-date symlink: /home/rosi/ws_dual_arm/install/easy_handeye2_msgs/include/easy_handeye2_msgs/easy_handeye2_msgs/srv/detail/take_sample__rosidl_typesupport_fastrtps_c.h\n'}
[2.720716] (easy_handeye2_msgs) StdoutLine: {'line': b'-- Up-to-date symlink: /home/rosi/ws_dual_arm/install/easy_handeye2_msgs/include/easy_handeye2_msgs/easy_handeye2_msgs/msg/detail/handeye_calibration__rosidl_typesupport_introspection_c.h\n'}
[2.720877] (easy_handeye2_msgs) StdoutLine: {'line': b'-- Up-to-date symlink: /home/rosi/ws_dual_arm/install/easy_handeye2_msgs/include/easy_handeye2_msgs/easy_handeye2_msgs/msg/detail/handeye_calibration_parameters__rosidl_typesupport_introspection_c.h\n'}
[2.721153] (easy_handeye2_msgs) StdoutLine: {'line': b'-- Up-to-date symlink: /home/rosi/ws_dual_arm/install/easy_handeye2_msgs/include/easy_handeye2_msgs/easy_handeye2_msgs/msg/detail/sample__rosidl_typesupport_introspection_c.h\n'}
[2.721365] (easy_handeye2_msgs) StdoutLine: {'line': b'-- Up-to-date symlink: /home/rosi/ws_dual_arm/install/easy_handeye2_msgs/include/easy_handeye2_msgs/easy_handeye2_msgs/msg/detail/sample_list__rosidl_typesupport_introspection_c.h\n'}
[2.721488] (easy_handeye2_msgs) StdoutLine: {'line': b'-- Up-to-date symlink: /home/rosi/ws_dual_arm/install/easy_handeye2_msgs/include/easy_handeye2_msgs/easy_handeye2_msgs/msg/detail/target_pose_list__rosidl_typesupport_introspection_c.h\n'}
[2.721641] (easy_handeye2_msgs) StdoutLine: {'line': b'-- Up-to-date symlink: /home/rosi/ws_dual_arm/install/easy_handeye2_msgs/include/easy_handeye2_msgs/easy_handeye2_msgs/msg/rosidl_typesupport_introspection_c__visibility_control.h\n'}
[2.721789] (easy_handeye2_msgs) StdoutLine: {'line': b'-- Up-to-date symlink: /home/rosi/ws_dual_arm/install/easy_handeye2_msgs/include/easy_handeye2_msgs/easy_handeye2_msgs/srv/detail/check_starting_pose__rosidl_typesupport_introspection_c.h\n'}
[2.721956] (easy_handeye2_msgs) StdoutLine: {'line': b'-- Up-to-date symlink: /home/rosi/ws_dual_arm/install/easy_handeye2_msgs/include/easy_handeye2_msgs/easy_handeye2_msgs/srv/detail/compute_calibration__rosidl_typesupport_introspection_c.h\n'}
[2.722153] (easy_handeye2_msgs) StdoutLine: {'line': b'-- Up-to-date symlink: /home/rosi/ws_dual_arm/install/easy_handeye2_msgs/include/easy_handeye2_msgs/easy_handeye2_msgs/srv/detail/enumerate_target_poses__rosidl_typesupport_introspection_c.h\n'}
[2.722344] (easy_handeye2_msgs) StdoutLine: {'line': b'-- Up-to-date symlink: /home/rosi/ws_dual_arm/install/easy_handeye2_msgs/include/easy_handeye2_msgs/easy_handeye2_msgs/srv/detail/execute_plan__rosidl_typesupport_introspection_c.h\n'}
[2.722538] (easy_handeye2_msgs) StdoutLine: {'line': b'-- Up-to-date symlink: /home/rosi/ws_dual_arm/install/easy_handeye2_msgs/include/easy_handeye2_msgs/easy_handeye2_msgs/srv/detail/list_algorithms__rosidl_typesupport_introspection_c.h\n'}
[2.722717] (easy_handeye2_msgs) StdoutLine: {'line': b'-- Up-to-date symlink: /home/rosi/ws_dual_arm/install/easy_handeye2_msgs/include/easy_handeye2_msgs/easy_handeye2_msgs/srv/detail/load_samples__rosidl_typesupport_introspection_c.h\n'}
[2.722903] (easy_handeye2_msgs) StdoutLine: {'line': b'-- Up-to-date symlink: /home/rosi/ws_dual_arm/install/easy_handeye2_msgs/include/easy_handeye2_msgs/easy_handeye2_msgs/srv/detail/plan_to_selected_target_pose__rosidl_typesupport_introspection_c.h\n'}
[2.723100] (easy_handeye2_msgs) StdoutLine: {'line': b'-- Up-to-date symlink: /home/rosi/ws_dual_arm/install/easy_handeye2_msgs/include/easy_handeye2_msgs/easy_handeye2_msgs/srv/detail/remove_sample__rosidl_typesupport_introspection_c.h\n'}
[2.723337] (easy_handeye2_msgs) StdoutLine: {'line': b'-- Up-to-date symlink: /home/rosi/ws_dual_arm/install/easy_handeye2_msgs/include/easy_handeye2_msgs/easy_handeye2_msgs/srv/detail/save_calibration__rosidl_typesupport_introspection_c.h\n'}
[2.723510] (easy_handeye2_msgs) StdoutLine: {'line': b'-- Up-to-date symlink: /home/rosi/ws_dual_arm/install/easy_handeye2_msgs/include/easy_handeye2_msgs/easy_handeye2_msgs/srv/detail/save_samples__rosidl_typesupport_introspection_c.h\n'}
[2.723687] (easy_handeye2_msgs) StdoutLine: {'line': b'-- Up-to-date symlink: /home/rosi/ws_dual_arm/install/easy_handeye2_msgs/include/easy_handeye2_msgs/easy_handeye2_msgs/srv/detail/select_target_pose__rosidl_typesupport_introspection_c.h\n'}
[2.723858] (easy_handeye2_msgs) StdoutLine: {'line': b'-- Up-to-date symlink: /home/rosi/ws_dual_arm/install/easy_handeye2_msgs/include/easy_handeye2_msgs/easy_handeye2_msgs/srv/detail/set_algorithm__rosidl_typesupport_introspection_c.h\n'}
[2.724038] (easy_handeye2_msgs) StdoutLine: {'line': b'-- Up-to-date symlink: /home/rosi/ws_dual_arm/install/easy_handeye2_msgs/include/easy_handeye2_msgs/easy_handeye2_msgs/srv/detail/take_sample__rosidl_typesupport_introspection_c.h\n'}
[2.725349] (easy_handeye2_msgs) StdoutLine: {'line': b'-- Up-to-date symlink: /home/rosi/ws_dual_arm/install/easy_handeye2_msgs/include/easy_handeye2_msgs/easy_handeye2_msgs/msg/detail/handeye_calibration__builder.hpp\n'}
[2.725514] (easy_handeye2_msgs) StdoutLine: {'line': b'-- Up-to-date symlink: /home/rosi/ws_dual_arm/install/easy_handeye2_msgs/include/easy_handeye2_msgs/easy_handeye2_msgs/msg/detail/handeye_calibration__struct.hpp\n'}
[2.725696] (easy_handeye2_msgs) StdoutLine: {'line': b'-- Up-to-date symlink: /home/rosi/ws_dual_arm/install/easy_handeye2_msgs/include/easy_handeye2_msgs/easy_handeye2_msgs/msg/detail/handeye_calibration__traits.hpp\n'}
[2.725872] (easy_handeye2_msgs) StdoutLine: {'line': b'-- Up-to-date symlink: /home/rosi/ws_dual_arm/install/easy_handeye2_msgs/include/easy_handeye2_msgs/easy_handeye2_msgs/msg/detail/handeye_calibration__type_support.hpp\n'}
[2.726044] (easy_handeye2_msgs) StdoutLine: {'line': b'-- Up-to-date symlink: /home/rosi/ws_dual_arm/install/easy_handeye2_msgs/include/easy_handeye2_msgs/easy_handeye2_msgs/msg/detail/handeye_calibration_parameters__builder.hpp\n'}
[2.726449] (easy_handeye2_msgs) StdoutLine: {'line': b'-- Up-to-date symlink: /home/rosi/ws_dual_arm/install/easy_handeye2_msgs/include/easy_handeye2_msgs/easy_handeye2_msgs/msg/detail/handeye_calibration_parameters__struct.hpp\n'}
[2.726845] (easy_handeye2_msgs) StdoutLine: {'line': b'-- Up-to-date symlink: /home/rosi/ws_dual_arm/install/easy_handeye2_msgs/include/easy_handeye2_msgs/easy_handeye2_msgs/msg/detail/handeye_calibration_parameters__traits.hpp\n'}
[2.727137] (easy_handeye2_msgs) StdoutLine: {'line': b'-- Up-to-date symlink: /home/rosi/ws_dual_arm/install/easy_handeye2_msgs/include/easy_handeye2_msgs/easy_handeye2_msgs/msg/detail/handeye_calibration_parameters__type_support.hpp\n'}
[2.727528] (easy_handeye2_msgs) StdoutLine: {'line': b'-- Up-to-date symlink: /home/rosi/ws_dual_arm/install/easy_handeye2_msgs/include/easy_handeye2_msgs/easy_handeye2_msgs/msg/detail/sample__builder.hpp\n'}
[2.727789] (easy_handeye2_msgs) StdoutLine: {'line': b'-- Up-to-date symlink: /home/rosi/ws_dual_arm/install/easy_handeye2_msgs/include/easy_handeye2_msgs/easy_handeye2_msgs/msg/detail/sample__struct.hpp\n'}
[2.728122] (easy_handeye2_msgs) StdoutLine: {'line': b'-- Up-to-date symlink: /home/rosi/ws_dual_arm/install/easy_handeye2_msgs/include/easy_handeye2_msgs/easy_handeye2_msgs/msg/detail/sample__traits.hpp\n'}
[2.728665] (easy_handeye2_msgs) StdoutLine: {'line': b'-- Up-to-date symlink: /home/rosi/ws_dual_arm/install/easy_handeye2_msgs/include/easy_handeye2_msgs/easy_handeye2_msgs/msg/detail/sample__type_support.hpp\n'}
[2.729058] (easy_handeye2_msgs) StdoutLine: {'line': b'-- Up-to-date symlink: /home/rosi/ws_dual_arm/install/easy_handeye2_msgs/include/easy_handeye2_msgs/easy_handeye2_msgs/msg/detail/sample_list__builder.hpp\n'}
[2.729481] (easy_handeye2_msgs) StdoutLine: {'line': b'-- Up-to-date symlink: /home/rosi/ws_dual_arm/install/easy_handeye2_msgs/include/easy_handeye2_msgs/easy_handeye2_msgs/msg/detail/sample_list__struct.hpp\n'}
[2.729761] (easy_handeye2_msgs) StdoutLine: {'line': b'-- Up-to-date symlink: /home/rosi/ws_dual_arm/install/easy_handeye2_msgs/include/easy_handeye2_msgs/easy_handeye2_msgs/msg/detail/sample_list__traits.hpp\n'}
[2.730057] (easy_handeye2_msgs) StdoutLine: {'line': b'-- Up-to-date symlink: /home/rosi/ws_dual_arm/install/easy_handeye2_msgs/include/easy_handeye2_msgs/easy_handeye2_msgs/msg/detail/sample_list__type_support.hpp\n'}
[2.730370] (easy_handeye2_msgs) StdoutLine: {'line': b'-- Up-to-date symlink: /home/rosi/ws_dual_arm/install/easy_handeye2_msgs/include/easy_handeye2_msgs/easy_handeye2_msgs/msg/detail/target_pose_list__builder.hpp\n'}
[2.730641] (easy_handeye2_msgs) StdoutLine: {'line': b'-- Up-to-date symlink: /home/rosi/ws_dual_arm/install/easy_handeye2_msgs/include/easy_handeye2_msgs/easy_handeye2_msgs/msg/detail/target_pose_list__struct.hpp\n'}
[2.730899] (easy_handeye2_msgs) StdoutLine: {'line': b'-- Up-to-date symlink: /home/rosi/ws_dual_arm/install/easy_handeye2_msgs/include/easy_handeye2_msgs/easy_handeye2_msgs/msg/detail/target_pose_list__traits.hpp\n'}
[2.731167] (easy_handeye2_msgs) StdoutLine: {'line': b'-- Up-to-date symlink: /home/rosi/ws_dual_arm/install/easy_handeye2_msgs/include/easy_handeye2_msgs/easy_handeye2_msgs/msg/detail/target_pose_list__type_support.hpp\n'}
[2.731444] (easy_handeye2_msgs) StdoutLine: {'line': b'-- Up-to-date symlink: /home/rosi/ws_dual_arm/install/easy_handeye2_msgs/include/easy_handeye2_msgs/easy_handeye2_msgs/msg/handeye_calibration.hpp\n'}
[2.731710] (easy_handeye2_msgs) StdoutLine: {'line': b'-- Up-to-date symlink: /home/rosi/ws_dual_arm/install/easy_handeye2_msgs/include/easy_handeye2_msgs/easy_handeye2_msgs/msg/handeye_calibration_parameters.hpp\n'}
[2.731980] (easy_handeye2_msgs) StdoutLine: {'line': b'-- Up-to-date symlink: /home/rosi/ws_dual_arm/install/easy_handeye2_msgs/include/easy_handeye2_msgs/easy_handeye2_msgs/msg/rosidl_generator_cpp__visibility_control.hpp\n'}
[2.732248] (easy_handeye2_msgs) StdoutLine: {'line': b'-- Up-to-date symlink: /home/rosi/ws_dual_arm/install/easy_handeye2_msgs/include/easy_handeye2_msgs/easy_handeye2_msgs/msg/sample.hpp\n'}
[2.732536] (easy_handeye2_msgs) StdoutLine: {'line': b'-- Up-to-date symlink: /home/rosi/ws_dual_arm/install/easy_handeye2_msgs/include/easy_handeye2_msgs/easy_handeye2_msgs/msg/sample_list.hpp\n'}
[2.732762] (easy_handeye2_msgs) StdoutLine: {'line': b'-- Up-to-date symlink: /home/rosi/ws_dual_arm/install/easy_handeye2_msgs/include/easy_handeye2_msgs/easy_handeye2_msgs/msg/target_pose_list.hpp\n'}
[2.733012] (easy_handeye2_msgs) StdoutLine: {'line': b'-- Up-to-date symlink: /home/rosi/ws_dual_arm/install/easy_handeye2_msgs/include/easy_handeye2_msgs/easy_handeye2_msgs/srv/check_starting_pose.hpp\n'}
[2.733337] (easy_handeye2_msgs) StdoutLine: {'line': b'-- Up-to-date symlink: /home/rosi/ws_dual_arm/install/easy_handeye2_msgs/include/easy_handeye2_msgs/easy_handeye2_msgs/srv/compute_calibration.hpp\n'}
[2.733580] (easy_handeye2_msgs) StdoutLine: {'line': b'-- Up-to-date symlink: /home/rosi/ws_dual_arm/install/easy_handeye2_msgs/include/easy_handeye2_msgs/easy_handeye2_msgs/srv/detail/check_starting_pose__builder.hpp\n'}
[2.733816] (easy_handeye2_msgs) StdoutLine: {'line': b'-- Up-to-date symlink: /home/rosi/ws_dual_arm/install/easy_handeye2_msgs/include/easy_handeye2_msgs/easy_handeye2_msgs/srv/detail/check_starting_pose__struct.hpp\n'}
[2.734084] (easy_handeye2_msgs) StdoutLine: {'line': b'-- Up-to-date symlink: /home/rosi/ws_dual_arm/install/easy_handeye2_msgs/include/easy_handeye2_msgs/easy_handeye2_msgs/srv/detail/check_starting_pose__traits.hpp\n'}
[2.734329] (easy_handeye2_msgs) StdoutLine: {'line': b'-- Up-to-date symlink: /home/rosi/ws_dual_arm/install/easy_handeye2_msgs/include/easy_handeye2_msgs/easy_handeye2_msgs/srv/detail/check_starting_pose__type_support.hpp\n'}
[2.734640] (easy_handeye2_msgs) StdoutLine: {'line': b'-- Up-to-date symlink: /home/rosi/ws_dual_arm/install/easy_handeye2_msgs/include/easy_handeye2_msgs/easy_handeye2_msgs/srv/detail/compute_calibration__builder.hpp\n'}
[2.734814] (easy_handeye2_msgs) StdoutLine: {'line': b'-- Up-to-date symlink: /home/rosi/ws_dual_arm/install/easy_handeye2_msgs/include/easy_handeye2_msgs/easy_handeye2_msgs/srv/detail/compute_calibration__struct.hpp\n'}
[2.735059] (easy_handeye2_msgs) StdoutLine: {'line': b'-- Up-to-date symlink: /home/rosi/ws_dual_arm/install/easy_handeye2_msgs/include/easy_handeye2_msgs/easy_handeye2_msgs/srv/detail/compute_calibration__traits.hpp\n'}
[2.735305] (easy_handeye2_msgs) StdoutLine: {'line': b'-- Up-to-date symlink: /home/rosi/ws_dual_arm/install/easy_handeye2_msgs/include/easy_handeye2_msgs/easy_handeye2_msgs/srv/detail/compute_calibration__type_support.hpp\n'}
[2.735530] (easy_handeye2_msgs) StdoutLine: {'line': b'-- Up-to-date symlink: /home/rosi/ws_dual_arm/install/easy_handeye2_msgs/include/easy_handeye2_msgs/easy_handeye2_msgs/srv/detail/enumerate_target_poses__builder.hpp\n'}
[2.735754] (easy_handeye2_msgs) StdoutLine: {'line': b'-- Up-to-date symlink: /home/rosi/ws_dual_arm/install/easy_handeye2_msgs/include/easy_handeye2_msgs/easy_handeye2_msgs/srv/detail/enumerate_target_poses__struct.hpp\n'}
[2.735975] (easy_handeye2_msgs) StdoutLine: {'line': b'-- Up-to-date symlink: /home/rosi/ws_dual_arm/install/easy_handeye2_msgs/include/easy_handeye2_msgs/easy_handeye2_msgs/srv/detail/enumerate_target_poses__traits.hpp\n'}
[2.736213] (easy_handeye2_msgs) StdoutLine: {'line': b'-- Up-to-date symlink: /home/rosi/ws_dual_arm/install/easy_handeye2_msgs/include/easy_handeye2_msgs/easy_handeye2_msgs/srv/detail/enumerate_target_poses__type_support.hpp\n'}
[2.736448] (easy_handeye2_msgs) StdoutLine: {'line': b'-- Up-to-date symlink: /home/rosi/ws_dual_arm/install/easy_handeye2_msgs/include/easy_handeye2_msgs/easy_handeye2_msgs/srv/detail/execute_plan__builder.hpp\n'}
[2.736676] (easy_handeye2_msgs) StdoutLine: {'line': b'-- Up-to-date symlink: /home/rosi/ws_dual_arm/install/easy_handeye2_msgs/include/easy_handeye2_msgs/easy_handeye2_msgs/srv/detail/execute_plan__struct.hpp\n'}
[2.736960] (easy_handeye2_msgs) StdoutLine: {'line': b'-- Up-to-date symlink: /home/rosi/ws_dual_arm/install/easy_handeye2_msgs/include/easy_handeye2_msgs/easy_handeye2_msgs/srv/detail/execute_plan__traits.hpp\n'}
[2.737207] (easy_handeye2_msgs) StdoutLine: {'line': b'-- Up-to-date symlink: /home/rosi/ws_dual_arm/install/easy_handeye2_msgs/include/easy_handeye2_msgs/easy_handeye2_msgs/srv/detail/execute_plan__type_support.hpp\n'}
[2.737453] (easy_handeye2_msgs) StdoutLine: {'line': b'-- Up-to-date symlink: /home/rosi/ws_dual_arm/install/easy_handeye2_msgs/include/easy_handeye2_msgs/easy_handeye2_msgs/srv/detail/list_algorithms__builder.hpp\n'}
[2.737678] (easy_handeye2_msgs) StdoutLine: {'line': b'-- Up-to-date symlink: /home/rosi/ws_dual_arm/install/easy_handeye2_msgs/include/easy_handeye2_msgs/easy_handeye2_msgs/srv/detail/list_algorithms__struct.hpp\n'}
[2.737898] (easy_handeye2_msgs) StdoutLine: {'line': b'-- Up-to-date symlink: /home/rosi/ws_dual_arm/install/easy_handeye2_msgs/include/easy_handeye2_msgs/easy_handeye2_msgs/srv/detail/list_algorithms__traits.hpp\n'}
[2.738134] (easy_handeye2_msgs) StdoutLine: {'line': b'-- Up-to-date symlink: /home/rosi/ws_dual_arm/install/easy_handeye2_msgs/include/easy_handeye2_msgs/easy_handeye2_msgs/srv/detail/list_algorithms__type_support.hpp\n'}
[2.738748] (easy_handeye2_msgs) StdoutLine: {'line': b'-- Up-to-date symlink: /home/rosi/ws_dual_arm/install/easy_handeye2_msgs/include/easy_handeye2_msgs/easy_handeye2_msgs/srv/detail/load_samples__builder.hpp\n'}
[2.739198] (easy_handeye2_msgs) StdoutLine: {'line': b'-- Up-to-date symlink: /home/rosi/ws_dual_arm/install/easy_handeye2_msgs/include/easy_handeye2_msgs/easy_handeye2_msgs/srv/detail/load_samples__struct.hpp\n'}
[2.739682] (easy_handeye2_msgs) StdoutLine: {'line': b'-- Up-to-date symlink: /home/rosi/ws_dual_arm/install/easy_handeye2_msgs/include/easy_handeye2_msgs/easy_handeye2_msgs/srv/detail/load_samples__traits.hpp\n'}
[2.740213] (easy_handeye2_msgs) StdoutLine: {'line': b'-- Up-to-date symlink: /home/rosi/ws_dual_arm/install/easy_handeye2_msgs/include/easy_handeye2_msgs/easy_handeye2_msgs/srv/detail/load_samples__type_support.hpp\n'}
[2.740591] (easy_handeye2_msgs) StdoutLine: {'line': b'-- Up-to-date symlink: /home/rosi/ws_dual_arm/install/easy_handeye2_msgs/include/easy_handeye2_msgs/easy_handeye2_msgs/srv/detail/plan_to_selected_target_pose__builder.hpp\n'}
[2.740976] (easy_handeye2_msgs) StdoutLine: {'line': b'-- Up-to-date symlink: /home/rosi/ws_dual_arm/install/easy_handeye2_msgs/include/easy_handeye2_msgs/easy_handeye2_msgs/srv/detail/plan_to_selected_target_pose__struct.hpp\n'}
[2.741415] (easy_handeye2_msgs) StdoutLine: {'line': b'-- Up-to-date symlink: /home/rosi/ws_dual_arm/install/easy_handeye2_msgs/include/easy_handeye2_msgs/easy_handeye2_msgs/srv/detail/plan_to_selected_target_pose__traits.hpp\n'}
[2.741658] (easy_handeye2_msgs) StdoutLine: {'line': b'-- Up-to-date symlink: /home/rosi/ws_dual_arm/install/easy_handeye2_msgs/include/easy_handeye2_msgs/easy_handeye2_msgs/srv/detail/plan_to_selected_target_pose__type_support.hpp\n'}
[2.742025] (easy_handeye2_msgs) StdoutLine: {'line': b'-- Up-to-date symlink: /home/rosi/ws_dual_arm/install/easy_handeye2_msgs/include/easy_handeye2_msgs/easy_handeye2_msgs/srv/detail/remove_sample__builder.hpp\n'}
[2.742212] (easy_handeye2_msgs) StdoutLine: {'line': b'-- Up-to-date symlink: /home/rosi/ws_dual_arm/install/easy_handeye2_msgs/include/easy_handeye2_msgs/easy_handeye2_msgs/srv/detail/remove_sample__struct.hpp\n'}
[2.742713] (easy_handeye2_msgs) StdoutLine: {'line': b'-- Up-to-date symlink: /home/rosi/ws_dual_arm/install/easy_handeye2_msgs/include/easy_handeye2_msgs/easy_handeye2_msgs/srv/detail/remove_sample__traits.hpp\n'}
[2.743328] (easy_handeye2_msgs) StdoutLine: {'line': b'-- Up-to-date symlink: /home/rosi/ws_dual_arm/install/easy_handeye2_msgs/include/easy_handeye2_msgs/easy_handeye2_msgs/srv/detail/remove_sample__type_support.hpp\n'}
[2.743907] (easy_handeye2_msgs) StdoutLine: {'line': b'-- Up-to-date symlink: /home/rosi/ws_dual_arm/install/easy_handeye2_msgs/include/easy_handeye2_msgs/easy_handeye2_msgs/srv/detail/save_calibration__builder.hpp\n'}
[2.744282] (easy_handeye2_msgs) StdoutLine: {'line': b'-- Up-to-date symlink: /home/rosi/ws_dual_arm/install/easy_handeye2_msgs/include/easy_handeye2_msgs/easy_handeye2_msgs/srv/detail/save_calibration__struct.hpp\n'}
[2.744739] (easy_handeye2_msgs) StdoutLine: {'line': b'-- Up-to-date symlink: /home/rosi/ws_dual_arm/install/easy_handeye2_msgs/include/easy_handeye2_msgs/easy_handeye2_msgs/srv/detail/save_calibration__traits.hpp\n'}
[2.745118] (easy_handeye2_msgs) StdoutLine: {'line': b'-- Up-to-date symlink: /home/rosi/ws_dual_arm/install/easy_handeye2_msgs/include/easy_handeye2_msgs/easy_handeye2_msgs/srv/detail/save_calibration__type_support.hpp\n'}
[2.745585] (easy_handeye2_msgs) StdoutLine: {'line': b'-- Up-to-date symlink: /home/rosi/ws_dual_arm/install/easy_handeye2_msgs/include/easy_handeye2_msgs/easy_handeye2_msgs/srv/detail/save_samples__builder.hpp\n'}
[2.745909] (easy_handeye2_msgs) StdoutLine: {'line': b'-- Up-to-date symlink: /home/rosi/ws_dual_arm/install/easy_handeye2_msgs/include/easy_handeye2_msgs/easy_handeye2_msgs/srv/detail/save_samples__struct.hpp\n'}
[2.746174] (easy_handeye2_msgs) StdoutLine: {'line': b'-- Up-to-date symlink: /home/rosi/ws_dual_arm/install/easy_handeye2_msgs/include/easy_handeye2_msgs/easy_handeye2_msgs/srv/detail/save_samples__traits.hpp\n'}
[2.746738] (easy_handeye2_msgs) StdoutLine: {'line': b'-- Up-to-date symlink: /home/rosi/ws_dual_arm/install/easy_handeye2_msgs/include/easy_handeye2_msgs/easy_handeye2_msgs/srv/detail/save_samples__type_support.hpp\n'}
[2.747047] (easy_handeye2_msgs) StdoutLine: {'line': b'-- Up-to-date symlink: /home/rosi/ws_dual_arm/install/easy_handeye2_msgs/include/easy_handeye2_msgs/easy_handeye2_msgs/srv/detail/select_target_pose__builder.hpp\n'}
[2.747226] (easy_handeye2_msgs) StdoutLine: {'line': b'-- Up-to-date symlink: /home/rosi/ws_dual_arm/install/easy_handeye2_msgs/include/easy_handeye2_msgs/easy_handeye2_msgs/srv/detail/select_target_pose__struct.hpp\n'}
[2.747418] (easy_handeye2_msgs) StdoutLine: {'line': b'-- Up-to-date symlink: /home/rosi/ws_dual_arm/install/easy_handeye2_msgs/include/easy_handeye2_msgs/easy_handeye2_msgs/srv/detail/select_target_pose__traits.hpp\n'}
[2.747643] (easy_handeye2_msgs) StdoutLine: {'line': b'-- Up-to-date symlink: /home/rosi/ws_dual_arm/install/easy_handeye2_msgs/include/easy_handeye2_msgs/easy_handeye2_msgs/srv/detail/select_target_pose__type_support.hpp\n'}
[2.747764] (easy_handeye2_msgs) StdoutLine: {'line': b'-- Up-to-date symlink: /home/rosi/ws_dual_arm/install/easy_handeye2_msgs/include/easy_handeye2_msgs/easy_handeye2_msgs/srv/detail/set_algorithm__builder.hpp\n'}
[2.747973] (easy_handeye2_msgs) StdoutLine: {'line': b'-- Up-to-date symlink: /home/rosi/ws_dual_arm/install/easy_handeye2_msgs/include/easy_handeye2_msgs/easy_handeye2_msgs/srv/detail/set_algorithm__struct.hpp\n'}
[2.748328] (easy_handeye2_msgs) StdoutLine: {'line': b'-- Up-to-date symlink: /home/rosi/ws_dual_arm/install/easy_handeye2_msgs/include/easy_handeye2_msgs/easy_handeye2_msgs/srv/detail/set_algorithm__traits.hpp\n'}
[2.748472] (easy_handeye2_msgs) StdoutLine: {'line': b'-- Up-to-date symlink: /home/rosi/ws_dual_arm/install/easy_handeye2_msgs/include/easy_handeye2_msgs/easy_handeye2_msgs/srv/detail/set_algorithm__type_support.hpp\n'}
[2.748773] (easy_handeye2_msgs) StdoutLine: {'line': b'-- Up-to-date symlink: /home/rosi/ws_dual_arm/install/easy_handeye2_msgs/include/easy_handeye2_msgs/easy_handeye2_msgs/srv/detail/take_sample__builder.hpp\n'}
[2.748872] (easy_handeye2_msgs) StdoutLine: {'line': b'-- Up-to-date symlink: /home/rosi/ws_dual_arm/install/easy_handeye2_msgs/include/easy_handeye2_msgs/easy_handeye2_msgs/srv/detail/take_sample__struct.hpp\n'}
[2.749078] (easy_handeye2_msgs) StdoutLine: {'line': b'-- Up-to-date symlink: /home/rosi/ws_dual_arm/install/easy_handeye2_msgs/include/easy_handeye2_msgs/easy_handeye2_msgs/srv/detail/take_sample__traits.hpp\n'}
[2.749266] (easy_handeye2_msgs) StdoutLine: {'line': b'-- Up-to-date symlink: /home/rosi/ws_dual_arm/install/easy_handeye2_msgs/include/easy_handeye2_msgs/easy_handeye2_msgs/srv/detail/take_sample__type_support.hpp\n'}
[2.749450] (easy_handeye2_msgs) StdoutLine: {'line': b'-- Up-to-date symlink: /home/rosi/ws_dual_arm/install/easy_handeye2_msgs/include/easy_handeye2_msgs/easy_handeye2_msgs/srv/enumerate_target_poses.hpp\n'}
[2.749617] (easy_handeye2_msgs) StdoutLine: {'line': b'-- Up-to-date symlink: /home/rosi/ws_dual_arm/install/easy_handeye2_msgs/include/easy_handeye2_msgs/easy_handeye2_msgs/srv/execute_plan.hpp\n'}
[2.749854] (easy_handeye2_msgs) StdoutLine: {'line': b'-- Up-to-date symlink: /home/rosi/ws_dual_arm/install/easy_handeye2_msgs/include/easy_handeye2_msgs/easy_handeye2_msgs/srv/list_algorithms.hpp\n'}
[2.749986] (easy_handeye2_msgs) StdoutLine: {'line': b'-- Up-to-date symlink: /home/rosi/ws_dual_arm/install/easy_handeye2_msgs/include/easy_handeye2_msgs/easy_handeye2_msgs/srv/load_samples.hpp\n'}
[2.750119] (easy_handeye2_msgs) StdoutLine: {'line': b'-- Up-to-date symlink: /home/rosi/ws_dual_arm/install/easy_handeye2_msgs/include/easy_handeye2_msgs/easy_handeye2_msgs/srv/plan_to_selected_target_pose.hpp\n'}
[2.750276] (easy_handeye2_msgs) StdoutLine: {'line': b'-- Up-to-date symlink: /home/rosi/ws_dual_arm/install/easy_handeye2_msgs/include/easy_handeye2_msgs/easy_handeye2_msgs/srv/remove_sample.hpp\n'}
[2.750377] (easy_handeye2_msgs) StdoutLine: {'line': b'-- Up-to-date symlink: /home/rosi/ws_dual_arm/install/easy_handeye2_msgs/include/easy_handeye2_msgs/easy_handeye2_msgs/srv/save_calibration.hpp\n'}
[2.750478] (easy_handeye2_msgs) StdoutLine: {'line': b'-- Up-to-date symlink: /home/rosi/ws_dual_arm/install/easy_handeye2_msgs/include/easy_handeye2_msgs/easy_handeye2_msgs/srv/save_samples.hpp\n'}
[2.750668] (easy_handeye2_msgs) StdoutLine: {'line': b'-- Up-to-date symlink: /home/rosi/ws_dual_arm/install/easy_handeye2_msgs/include/easy_handeye2_msgs/easy_handeye2_msgs/srv/select_target_pose.hpp\n'}
[2.750819] (easy_handeye2_msgs) StdoutLine: {'line': b'-- Up-to-date symlink: /home/rosi/ws_dual_arm/install/easy_handeye2_msgs/include/easy_handeye2_msgs/easy_handeye2_msgs/srv/set_algorithm.hpp\n'}
[2.750967] (easy_handeye2_msgs) StdoutLine: {'line': b'-- Up-to-date symlink: /home/rosi/ws_dual_arm/install/easy_handeye2_msgs/include/easy_handeye2_msgs/easy_handeye2_msgs/srv/take_sample.hpp\n'}
[2.752464] (easy_handeye2_msgs) StdoutLine: {'line': b'-- Up-to-date symlink: /home/rosi/ws_dual_arm/install/easy_handeye2_msgs/include/easy_handeye2_msgs/easy_handeye2_msgs/msg/detail/handeye_calibration__rosidl_typesupport_fastrtps_cpp.hpp\n'}
[2.752590] (easy_handeye2_msgs) StdoutLine: {'line': b'-- Up-to-date symlink: /home/rosi/ws_dual_arm/install/easy_handeye2_msgs/include/easy_handeye2_msgs/easy_handeye2_msgs/msg/detail/handeye_calibration_parameters__rosidl_typesupport_fastrtps_cpp.hpp\n'}
[2.752718] (easy_handeye2_msgs) StdoutLine: {'line': b'-- Up-to-date symlink: /home/rosi/ws_dual_arm/install/easy_handeye2_msgs/include/easy_handeye2_msgs/easy_handeye2_msgs/msg/detail/sample__rosidl_typesupport_fastrtps_cpp.hpp\n'}
[2.752821] (easy_handeye2_msgs) StdoutLine: {'line': b'-- Up-to-date symlink: /home/rosi/ws_dual_arm/install/easy_handeye2_msgs/include/easy_handeye2_msgs/easy_handeye2_msgs/msg/detail/sample_list__rosidl_typesupport_fastrtps_cpp.hpp\n'}
[2.752938] (easy_handeye2_msgs) StdoutLine: {'line': b'-- Up-to-date symlink: /home/rosi/ws_dual_arm/install/easy_handeye2_msgs/include/easy_handeye2_msgs/easy_handeye2_msgs/msg/detail/target_pose_list__rosidl_typesupport_fastrtps_cpp.hpp\n'}
[2.753083] (easy_handeye2_msgs) StdoutLine: {'line': b'-- Up-to-date symlink: /home/rosi/ws_dual_arm/install/easy_handeye2_msgs/include/easy_handeye2_msgs/easy_handeye2_msgs/msg/rosidl_typesupport_fastrtps_cpp__visibility_control.h\n'}
[2.753219] (easy_handeye2_msgs) StdoutLine: {'line': b'-- Up-to-date symlink: /home/rosi/ws_dual_arm/install/easy_handeye2_msgs/include/easy_handeye2_msgs/easy_handeye2_msgs/srv/detail/check_starting_pose__rosidl_typesupport_fastrtps_cpp.hpp\n'}
[2.753352] (easy_handeye2_msgs) StdoutLine: {'line': b'-- Up-to-date symlink: /home/rosi/ws_dual_arm/install/easy_handeye2_msgs/include/easy_handeye2_msgs/easy_handeye2_msgs/srv/detail/compute_calibration__rosidl_typesupport_fastrtps_cpp.hpp\n'}
[2.753486] (easy_handeye2_msgs) StdoutLine: {'line': b'-- Up-to-date symlink: /home/rosi/ws_dual_arm/install/easy_handeye2_msgs/include/easy_handeye2_msgs/easy_handeye2_msgs/srv/detail/enumerate_target_poses__rosidl_typesupport_fastrtps_cpp.hpp\n'}
[2.753619] (easy_handeye2_msgs) StdoutLine: {'line': b'-- Up-to-date symlink: /home/rosi/ws_dual_arm/install/easy_handeye2_msgs/include/easy_handeye2_msgs/easy_handeye2_msgs/srv/detail/execute_plan__rosidl_typesupport_fastrtps_cpp.hpp\n'}
[2.753751] (easy_handeye2_msgs) StdoutLine: {'line': b'-- Up-to-date symlink: /home/rosi/ws_dual_arm/install/easy_handeye2_msgs/include/easy_handeye2_msgs/easy_handeye2_msgs/srv/detail/list_algorithms__rosidl_typesupport_fastrtps_cpp.hpp\n'}
[2.753884] (easy_handeye2_msgs) StdoutLine: {'line': b'-- Up-to-date symlink: /home/rosi/ws_dual_arm/install/easy_handeye2_msgs/include/easy_handeye2_msgs/easy_handeye2_msgs/srv/detail/load_samples__rosidl_typesupport_fastrtps_cpp.hpp\n'}
[2.754024] (easy_handeye2_msgs) StdoutLine: {'line': b'-- Up-to-date symlink: /home/rosi/ws_dual_arm/install/easy_handeye2_msgs/include/easy_handeye2_msgs/easy_handeye2_msgs/srv/detail/plan_to_selected_target_pose__rosidl_typesupport_fastrtps_cpp.hpp\n'}
[2.754230] (easy_handeye2_msgs) StdoutLine: {'line': b'-- Up-to-date symlink: /home/rosi/ws_dual_arm/install/easy_handeye2_msgs/include/easy_handeye2_msgs/easy_handeye2_msgs/srv/detail/remove_sample__rosidl_typesupport_fastrtps_cpp.hpp\n'}
[2.754402] (easy_handeye2_msgs) StdoutLine: {'line': b'-- Up-to-date symlink: /home/rosi/ws_dual_arm/install/easy_handeye2_msgs/include/easy_handeye2_msgs/easy_handeye2_msgs/srv/detail/save_calibration__rosidl_typesupport_fastrtps_cpp.hpp\n'}
[2.754543] (easy_handeye2_msgs) StdoutLine: {'line': b'-- Up-to-date symlink: /home/rosi/ws_dual_arm/install/easy_handeye2_msgs/include/easy_handeye2_msgs/easy_handeye2_msgs/srv/detail/save_samples__rosidl_typesupport_fastrtps_cpp.hpp\n'}
[2.754675] (easy_handeye2_msgs) StdoutLine: {'line': b'-- Up-to-date symlink: /home/rosi/ws_dual_arm/install/easy_handeye2_msgs/include/easy_handeye2_msgs/easy_handeye2_msgs/srv/detail/select_target_pose__rosidl_typesupport_fastrtps_cpp.hpp\n'}
[2.754806] (easy_handeye2_msgs) StdoutLine: {'line': b'-- Up-to-date symlink: /home/rosi/ws_dual_arm/install/easy_handeye2_msgs/include/easy_handeye2_msgs/easy_handeye2_msgs/srv/detail/set_algorithm__rosidl_typesupport_fastrtps_cpp.hpp\n'}
[2.754938] (easy_handeye2_msgs) StdoutLine: {'line': b'-- Up-to-date symlink: /home/rosi/ws_dual_arm/install/easy_handeye2_msgs/include/easy_handeye2_msgs/easy_handeye2_msgs/srv/detail/take_sample__rosidl_typesupport_fastrtps_cpp.hpp\n'}
[2.755714] (easy_handeye2_msgs) StdoutLine: {'line': b'-- Up-to-date symlink: /home/rosi/ws_dual_arm/install/easy_handeye2_msgs/include/easy_handeye2_msgs/easy_handeye2_msgs/msg/detail/handeye_calibration__rosidl_typesupport_introspection_cpp.hpp\n'}
[2.755818] (easy_handeye2_msgs) StdoutLine: {'line': b'-- Up-to-date symlink: /home/rosi/ws_dual_arm/install/easy_handeye2_msgs/include/easy_handeye2_msgs/easy_handeye2_msgs/msg/detail/handeye_calibration_parameters__rosidl_typesupport_introspection_cpp.hpp\n'}
[2.755958] (easy_handeye2_msgs) StdoutLine: {'line': b'-- Up-to-date symlink: /home/rosi/ws_dual_arm/install/easy_handeye2_msgs/include/easy_handeye2_msgs/easy_handeye2_msgs/msg/detail/sample__rosidl_typesupport_introspection_cpp.hpp\n'}
[2.756107] (easy_handeye2_msgs) StdoutLine: {'line': b'-- Up-to-date symlink: /home/rosi/ws_dual_arm/install/easy_handeye2_msgs/include/easy_handeye2_msgs/easy_handeye2_msgs/msg/detail/sample_list__rosidl_typesupport_introspection_cpp.hpp\n'}
[2.756376] (easy_handeye2_msgs) StdoutLine: {'line': b'-- Up-to-date symlink: /home/rosi/ws_dual_arm/install/easy_handeye2_msgs/include/easy_handeye2_msgs/easy_handeye2_msgs/msg/detail/target_pose_list__rosidl_typesupport_introspection_cpp.hpp\n'}
[2.756727] (easy_handeye2_msgs) StdoutLine: {'line': b'-- Up-to-date symlink: /home/rosi/ws_dual_arm/install/easy_handeye2_msgs/include/easy_handeye2_msgs/easy_handeye2_msgs/srv/detail/check_starting_pose__rosidl_typesupport_introspection_cpp.hpp\n'}
[2.757044] (easy_handeye2_msgs) StdoutLine: {'line': b'-- Up-to-date symlink: /home/rosi/ws_dual_arm/install/easy_handeye2_msgs/include/easy_handeye2_msgs/easy_handeye2_msgs/srv/detail/compute_calibration__rosidl_typesupport_introspection_cpp.hpp\n'}
[2.757390] (easy_handeye2_msgs) StdoutLine: {'line': b'-- Up-to-date symlink: /home/rosi/ws_dual_arm/install/easy_handeye2_msgs/include/easy_handeye2_msgs/easy_handeye2_msgs/srv/detail/enumerate_target_poses__rosidl_typesupport_introspection_cpp.hpp\n'}
[2.757670] (easy_handeye2_msgs) StdoutLine: {'line': b'-- Up-to-date symlink: /home/rosi/ws_dual_arm/install/easy_handeye2_msgs/include/easy_handeye2_msgs/easy_handeye2_msgs/srv/detail/execute_plan__rosidl_typesupport_introspection_cpp.hpp\n'}
[2.757955] (easy_handeye2_msgs) StdoutLine: {'line': b'-- Up-to-date symlink: /home/rosi/ws_dual_arm/install/easy_handeye2_msgs/include/easy_handeye2_msgs/easy_handeye2_msgs/srv/detail/list_algorithms__rosidl_typesupport_introspection_cpp.hpp\n'}
[2.758409] (easy_handeye2_msgs) StdoutLine: {'line': b'-- Up-to-date symlink: /home/rosi/ws_dual_arm/install/easy_handeye2_msgs/include/easy_handeye2_msgs/easy_handeye2_msgs/srv/detail/load_samples__rosidl_typesupport_introspection_cpp.hpp\n'}
[2.758685] (easy_handeye2_msgs) StdoutLine: {'line': b'-- Up-to-date symlink: /home/rosi/ws_dual_arm/install/easy_handeye2_msgs/include/easy_handeye2_msgs/easy_handeye2_msgs/srv/detail/plan_to_selected_target_pose__rosidl_typesupport_introspection_cpp.hpp\n'}
[2.758987] (easy_handeye2_msgs) StdoutLine: {'line': b'-- Up-to-date symlink: /home/rosi/ws_dual_arm/install/easy_handeye2_msgs/include/easy_handeye2_msgs/easy_handeye2_msgs/srv/detail/remove_sample__rosidl_typesupport_introspection_cpp.hpp\n'}
[2.759277] (easy_handeye2_msgs) StdoutLine: {'line': b'-- Up-to-date symlink: /home/rosi/ws_dual_arm/install/easy_handeye2_msgs/include/easy_handeye2_msgs/easy_handeye2_msgs/srv/detail/save_calibration__rosidl_typesupport_introspection_cpp.hpp\n'}
[2.759585] (easy_handeye2_msgs) StdoutLine: {'line': b'-- Up-to-date symlink: /home/rosi/ws_dual_arm/install/easy_handeye2_msgs/include/easy_handeye2_msgs/easy_handeye2_msgs/srv/detail/save_samples__rosidl_typesupport_introspection_cpp.hpp\n'}
[2.759875] (easy_handeye2_msgs) StdoutLine: {'line': b'-- Up-to-date symlink: /home/rosi/ws_dual_arm/install/easy_handeye2_msgs/include/easy_handeye2_msgs/easy_handeye2_msgs/srv/detail/select_target_pose__rosidl_typesupport_introspection_cpp.hpp\n'}
[2.760182] (easy_handeye2_msgs) StdoutLine: {'line': b'-- Up-to-date symlink: /home/rosi/ws_dual_arm/install/easy_handeye2_msgs/include/easy_handeye2_msgs/easy_handeye2_msgs/srv/detail/set_algorithm__rosidl_typesupport_introspection_cpp.hpp\n'}
[2.760507] (easy_handeye2_msgs) StdoutLine: {'line': b'-- Up-to-date symlink: /home/rosi/ws_dual_arm/install/easy_handeye2_msgs/include/easy_handeye2_msgs/easy_handeye2_msgs/srv/detail/take_sample__rosidl_typesupport_introspection_cpp.hpp\n'}
[2.761011] (easy_handeye2_msgs) StdoutLine: {'line': b'-- Up-to-date symlink: /home/rosi/ws_dual_arm/install/easy_handeye2_msgs/share/easy_handeye2_msgs/environment/pythonpath.sh\n'}
[2.761478] (easy_handeye2_msgs) StdoutLine: {'line': b'-- Up-to-date symlink: /home/rosi/ws_dual_arm/install/easy_handeye2_msgs/share/easy_handeye2_msgs/environment/pythonpath.dsv\n'}
[2.762585] (easy_handeye2_msgs) StdoutLine: {'line': b'-- Up-to-date symlink: /home/rosi/ws_dual_arm/install/easy_handeye2_msgs/local/lib/python3.10/dist-packages/easy_handeye2_msgs-0.5.0-py3.10.egg-info/PKG-INFO\n'}
[2.762907] (easy_handeye2_msgs) StdoutLine: {'line': b'-- Up-to-date symlink: /home/rosi/ws_dual_arm/install/easy_handeye2_msgs/local/lib/python3.10/dist-packages/easy_handeye2_msgs-0.5.0-py3.10.egg-info/SOURCES.txt\n'}
[2.763219] (easy_handeye2_msgs) StdoutLine: {'line': b'-- Up-to-date symlink: /home/rosi/ws_dual_arm/install/easy_handeye2_msgs/local/lib/python3.10/dist-packages/easy_handeye2_msgs-0.5.0-py3.10.egg-info/dependency_links.txt\n'}
[2.763508] (easy_handeye2_msgs) StdoutLine: {'line': b'-- Up-to-date symlink: /home/rosi/ws_dual_arm/install/easy_handeye2_msgs/local/lib/python3.10/dist-packages/easy_handeye2_msgs-0.5.0-py3.10.egg-info/top_level.txt\n'}
[2.765442] (easy_handeye2_msgs) StdoutLine: {'line': b'-- Up-to-date symlink: /home/rosi/ws_dual_arm/install/easy_handeye2_msgs/local/lib/python3.10/dist-packages/easy_handeye2_msgs/__init__.py\n'}
[2.765710] (easy_handeye2_msgs) StdoutLine: {'line': b'-- Up-to-date symlink: /home/rosi/ws_dual_arm/install/easy_handeye2_msgs/local/lib/python3.10/dist-packages/easy_handeye2_msgs/_easy_handeye2_msgs_s.ep.rosidl_typesupport_c.c\n'}
[2.765918] (easy_handeye2_msgs) StdoutLine: {'line': b'-- Up-to-date symlink: /home/rosi/ws_dual_arm/install/easy_handeye2_msgs/local/lib/python3.10/dist-packages/easy_handeye2_msgs/_easy_handeye2_msgs_s.ep.rosidl_typesupport_fastrtps_c.c\n'}
[2.766146] (easy_handeye2_msgs) StdoutLine: {'line': b'-- Up-to-date symlink: /home/rosi/ws_dual_arm/install/easy_handeye2_msgs/local/lib/python3.10/dist-packages/easy_handeye2_msgs/_easy_handeye2_msgs_s.ep.rosidl_typesupport_introspection_c.c\n'}
[2.766749] (easy_handeye2_msgs) StdoutLine: {'line': b'-- Up-to-date symlink: /home/rosi/ws_dual_arm/install/easy_handeye2_msgs/local/lib/python3.10/dist-packages/easy_handeye2_msgs/easy_handeye2_msgs_s__rosidl_typesupport_c.cpython-310-x86_64-linux-gnu.so\n'}
[2.767125] (easy_handeye2_msgs) StdoutLine: {'line': b'-- Up-to-date symlink: /home/rosi/ws_dual_arm/install/easy_handeye2_msgs/local/lib/python3.10/dist-packages/easy_handeye2_msgs/easy_handeye2_msgs_s__rosidl_typesupport_fastrtps_c.cpython-310-x86_64-linux-gnu.so\n'}
[2.767553] (easy_handeye2_msgs) StdoutLine: {'line': b'-- Up-to-date symlink: /home/rosi/ws_dual_arm/install/easy_handeye2_msgs/local/lib/python3.10/dist-packages/easy_handeye2_msgs/easy_handeye2_msgs_s__rosidl_typesupport_introspection_c.cpython-310-x86_64-linux-gnu.so\n'}
[2.767736] (easy_handeye2_msgs) StdoutLine: {'line': b'-- Up-to-date symlink: /home/rosi/ws_dual_arm/install/easy_handeye2_msgs/local/lib/python3.10/dist-packages/easy_handeye2_msgs/libeasy_handeye2_msgs__rosidl_generator_py.so\n'}
[2.768254] (easy_handeye2_msgs) StdoutLine: {'line': b'-- Up-to-date symlink: /home/rosi/ws_dual_arm/install/easy_handeye2_msgs/local/lib/python3.10/dist-packages/easy_handeye2_msgs/msg/__init__.py\n'}
[2.768502] (easy_handeye2_msgs) StdoutLine: {'line': b'-- Up-to-date symlink: /home/rosi/ws_dual_arm/install/easy_handeye2_msgs/local/lib/python3.10/dist-packages/easy_handeye2_msgs/msg/_handeye_calibration.py\n'}
[2.768779] (easy_handeye2_msgs) StdoutLine: {'line': b'-- Up-to-date symlink: /home/rosi/ws_dual_arm/install/easy_handeye2_msgs/local/lib/python3.10/dist-packages/easy_handeye2_msgs/msg/_handeye_calibration_parameters.py\n'}
[2.769204] (easy_handeye2_msgs) StdoutLine: {'line': b'-- Up-to-date symlink: /home/rosi/ws_dual_arm/install/easy_handeye2_msgs/local/lib/python3.10/dist-packages/easy_handeye2_msgs/msg/_handeye_calibration_parameters_s.c\n'}
[2.769398] (easy_handeye2_msgs) StdoutLine: {'line': b'-- Up-to-date symlink: /home/rosi/ws_dual_arm/install/easy_handeye2_msgs/local/lib/python3.10/dist-packages/easy_handeye2_msgs/msg/_handeye_calibration_s.c\n'}
[2.769856] (easy_handeye2_msgs) StdoutLine: {'line': b'-- Up-to-date symlink: /home/rosi/ws_dual_arm/install/easy_handeye2_msgs/local/lib/python3.10/dist-packages/easy_handeye2_msgs/msg/_sample.py\n'}
[2.770058] (easy_handeye2_msgs) StdoutLine: {'line': b'-- Up-to-date symlink: /home/rosi/ws_dual_arm/install/easy_handeye2_msgs/local/lib/python3.10/dist-packages/easy_handeye2_msgs/msg/_sample_list.py\n'}
[2.770337] (easy_handeye2_msgs) StdoutLine: {'line': b'-- Up-to-date symlink: /home/rosi/ws_dual_arm/install/easy_handeye2_msgs/local/lib/python3.10/dist-packages/easy_handeye2_msgs/msg/_sample_list_s.c\n'}
[2.770606] (easy_handeye2_msgs) StdoutLine: {'line': b'-- Up-to-date symlink: /home/rosi/ws_dual_arm/install/easy_handeye2_msgs/local/lib/python3.10/dist-packages/easy_handeye2_msgs/msg/_sample_s.c\n'}
[2.770881] (easy_handeye2_msgs) StdoutLine: {'line': b'-- Up-to-date symlink: /home/rosi/ws_dual_arm/install/easy_handeye2_msgs/local/lib/python3.10/dist-packages/easy_handeye2_msgs/msg/_target_pose_list.py\n'}
[2.771164] (easy_handeye2_msgs) StdoutLine: {'line': b'-- Up-to-date symlink: /home/rosi/ws_dual_arm/install/easy_handeye2_msgs/local/lib/python3.10/dist-packages/easy_handeye2_msgs/msg/_target_pose_list_s.c\n'}
[2.771624] (easy_handeye2_msgs) StdoutLine: {'line': b'-- Up-to-date symlink: /home/rosi/ws_dual_arm/install/easy_handeye2_msgs/local/lib/python3.10/dist-packages/easy_handeye2_msgs/srv/__init__.py\n'}
[2.771807] (easy_handeye2_msgs) StdoutLine: {'line': b'-- Up-to-date symlink: /home/rosi/ws_dual_arm/install/easy_handeye2_msgs/local/lib/python3.10/dist-packages/easy_handeye2_msgs/srv/_check_starting_pose.py\n'}
[2.772067] (easy_handeye2_msgs) StdoutLine: {'line': b'-- Up-to-date symlink: /home/rosi/ws_dual_arm/install/easy_handeye2_msgs/local/lib/python3.10/dist-packages/easy_handeye2_msgs/srv/_check_starting_pose_s.c\n'}
[2.772344] (easy_handeye2_msgs) StdoutLine: {'line': b'-- Up-to-date symlink: /home/rosi/ws_dual_arm/install/easy_handeye2_msgs/local/lib/python3.10/dist-packages/easy_handeye2_msgs/srv/_compute_calibration.py\n'}
[2.772690] (easy_handeye2_msgs) StdoutLine: {'line': b'-- Up-to-date symlink: /home/rosi/ws_dual_arm/install/easy_handeye2_msgs/local/lib/python3.10/dist-packages/easy_handeye2_msgs/srv/_compute_calibration_s.c\n'}
[2.773004] (easy_handeye2_msgs) StdoutLine: {'line': b'-- Up-to-date symlink: /home/rosi/ws_dual_arm/install/easy_handeye2_msgs/local/lib/python3.10/dist-packages/easy_handeye2_msgs/srv/_enumerate_target_poses.py\n'}
[2.773293] (easy_handeye2_msgs) StdoutLine: {'line': b'-- Up-to-date symlink: /home/rosi/ws_dual_arm/install/easy_handeye2_msgs/local/lib/python3.10/dist-packages/easy_handeye2_msgs/srv/_enumerate_target_poses_s.c\n'}
[2.773580] (easy_handeye2_msgs) StdoutLine: {'line': b'-- Up-to-date symlink: /home/rosi/ws_dual_arm/install/easy_handeye2_msgs/local/lib/python3.10/dist-packages/easy_handeye2_msgs/srv/_execute_plan.py\n'}
[2.773857] (easy_handeye2_msgs) StdoutLine: {'line': b'-- Up-to-date symlink: /home/rosi/ws_dual_arm/install/easy_handeye2_msgs/local/lib/python3.10/dist-packages/easy_handeye2_msgs/srv/_execute_plan_s.c\n'}
[2.774134] (easy_handeye2_msgs) StdoutLine: {'line': b'-- Up-to-date symlink: /home/rosi/ws_dual_arm/install/easy_handeye2_msgs/local/lib/python3.10/dist-packages/easy_handeye2_msgs/srv/_list_algorithms.py\n'}
[2.774504] (easy_handeye2_msgs) StdoutLine: {'line': b'-- Up-to-date symlink: /home/rosi/ws_dual_arm/install/easy_handeye2_msgs/local/lib/python3.10/dist-packages/easy_handeye2_msgs/srv/_list_algorithms_s.c\n'}
[2.774682] (easy_handeye2_msgs) StdoutLine: {'line': b'-- Up-to-date symlink: /home/rosi/ws_dual_arm/install/easy_handeye2_msgs/local/lib/python3.10/dist-packages/easy_handeye2_msgs/srv/_load_samples.py\n'}
[2.774916] (easy_handeye2_msgs) StdoutLine: {'line': b'-- Up-to-date symlink: /home/rosi/ws_dual_arm/install/easy_handeye2_msgs/local/lib/python3.10/dist-packages/easy_handeye2_msgs/srv/_load_samples_s.c\n'}
[2.775171] (easy_handeye2_msgs) StdoutLine: {'line': b'-- Up-to-date symlink: /home/rosi/ws_dual_arm/install/easy_handeye2_msgs/local/lib/python3.10/dist-packages/easy_handeye2_msgs/srv/_plan_to_selected_target_pose.py\n'}
[2.775421] (easy_handeye2_msgs) StdoutLine: {'line': b'-- Up-to-date symlink: /home/rosi/ws_dual_arm/install/easy_handeye2_msgs/local/lib/python3.10/dist-packages/easy_handeye2_msgs/srv/_plan_to_selected_target_pose_s.c\n'}
[2.775746] (easy_handeye2_msgs) StdoutLine: {'line': b'-- Up-to-date symlink: /home/rosi/ws_dual_arm/install/easy_handeye2_msgs/local/lib/python3.10/dist-packages/easy_handeye2_msgs/srv/_remove_sample.py\n'}
[2.775979] (easy_handeye2_msgs) StdoutLine: {'line': b'-- Up-to-date symlink: /home/rosi/ws_dual_arm/install/easy_handeye2_msgs/local/lib/python3.10/dist-packages/easy_handeye2_msgs/srv/_remove_sample_s.c\n'}
[2.776223] (easy_handeye2_msgs) StdoutLine: {'line': b'-- Up-to-date symlink: /home/rosi/ws_dual_arm/install/easy_handeye2_msgs/local/lib/python3.10/dist-packages/easy_handeye2_msgs/srv/_save_calibration.py\n'}
[2.776451] (easy_handeye2_msgs) StdoutLine: {'line': b'-- Up-to-date symlink: /home/rosi/ws_dual_arm/install/easy_handeye2_msgs/local/lib/python3.10/dist-packages/easy_handeye2_msgs/srv/_save_calibration_s.c\n'}
[2.776678] (easy_handeye2_msgs) StdoutLine: {'line': b'-- Up-to-date symlink: /home/rosi/ws_dual_arm/install/easy_handeye2_msgs/local/lib/python3.10/dist-packages/easy_handeye2_msgs/srv/_save_samples.py\n'}
[2.776849] (easy_handeye2_msgs) StdoutLine: {'line': b'-- Up-to-date symlink: /home/rosi/ws_dual_arm/install/easy_handeye2_msgs/local/lib/python3.10/dist-packages/easy_handeye2_msgs/srv/_save_samples_s.c\n'}
[2.777082] (easy_handeye2_msgs) StdoutLine: {'line': b'-- Up-to-date symlink: /home/rosi/ws_dual_arm/install/easy_handeye2_msgs/local/lib/python3.10/dist-packages/easy_handeye2_msgs/srv/_select_target_pose.py\n'}
[2.777319] (easy_handeye2_msgs) StdoutLine: {'line': b'-- Up-to-date symlink: /home/rosi/ws_dual_arm/install/easy_handeye2_msgs/local/lib/python3.10/dist-packages/easy_handeye2_msgs/srv/_select_target_pose_s.c\n'}
[2.777567] (easy_handeye2_msgs) StdoutLine: {'line': b'-- Up-to-date symlink: /home/rosi/ws_dual_arm/install/easy_handeye2_msgs/local/lib/python3.10/dist-packages/easy_handeye2_msgs/srv/_set_algorithm.py\n'}
[2.777806] (easy_handeye2_msgs) StdoutLine: {'line': b'-- Up-to-date symlink: /home/rosi/ws_dual_arm/install/easy_handeye2_msgs/local/lib/python3.10/dist-packages/easy_handeye2_msgs/srv/_set_algorithm_s.c\n'}
[2.778059] (easy_handeye2_msgs) StdoutLine: {'line': b'-- Up-to-date symlink: /home/rosi/ws_dual_arm/install/easy_handeye2_msgs/local/lib/python3.10/dist-packages/easy_handeye2_msgs/srv/_take_sample.py\n'}
[2.778300] (easy_handeye2_msgs) StdoutLine: {'line': b'-- Up-to-date symlink: /home/rosi/ws_dual_arm/install/easy_handeye2_msgs/local/lib/python3.10/dist-packages/easy_handeye2_msgs/srv/_take_sample_s.c\n'}
[2.778834] (easy_handeye2_msgs) StdoutLine: {'line': b'-- Up-to-date symlink: /home/rosi/ws_dual_arm/install/easy_handeye2_msgs/local/lib/python3.10/dist-packages/easy_handeye2_msgs/easy_handeye2_msgs_s__rosidl_typesupport_fastrtps_c.cpython-310-x86_64-linux-gnu.so\n'}
[2.779251] (easy_handeye2_msgs) StdoutLine: {'line': b'-- Up-to-date symlink: /home/rosi/ws_dual_arm/install/easy_handeye2_msgs/local/lib/python3.10/dist-packages/easy_handeye2_msgs/easy_handeye2_msgs_s__rosidl_typesupport_introspection_c.cpython-310-x86_64-linux-gnu.so\n'}
[2.779730] (easy_handeye2_msgs) StdoutLine: {'line': b'-- Up-to-date symlink: /home/rosi/ws_dual_arm/install/easy_handeye2_msgs/local/lib/python3.10/dist-packages/easy_handeye2_msgs/easy_handeye2_msgs_s__rosidl_typesupport_c.cpython-310-x86_64-linux-gnu.so\n'}
[2.780183] (easy_handeye2_msgs) StdoutLine: {'line': b'-- Up-to-date symlink: /home/rosi/ws_dual_arm/install/easy_handeye2_msgs/share/ament_index/resource_index/rust_packages/easy_handeye2_msgs\n'}
[2.781235] (easy_handeye2_msgs) StdoutLine: {'line': b'-- Up-to-date symlink: /home/rosi/ws_dual_arm/install/easy_handeye2_msgs/share/easy_handeye2_msgs/rust/Cargo.toml\n'}
[2.781527] (easy_handeye2_msgs) StdoutLine: {'line': b'-- Up-to-date symlink: /home/rosi/ws_dual_arm/install/easy_handeye2_msgs/share/easy_handeye2_msgs/rust/build.rs\n'}
[2.781833] (easy_handeye2_msgs) StdoutLine: {'line': b'-- Up-to-date symlink: /home/rosi/ws_dual_arm/install/easy_handeye2_msgs/share/easy_handeye2_msgs/rust/src/lib.rs\n'}
[2.782051] (easy_handeye2_msgs) StdoutLine: {'line': b'-- Up-to-date symlink: /home/rosi/ws_dual_arm/install/easy_handeye2_msgs/share/easy_handeye2_msgs/rust/src/msg.rs\n'}
[2.782413] (easy_handeye2_msgs) StdoutLine: {'line': b'-- Up-to-date symlink: /home/rosi/ws_dual_arm/install/easy_handeye2_msgs/share/easy_handeye2_msgs/rust/src/msg/rmw.rs\n'}
[2.782651] (easy_handeye2_msgs) StdoutLine: {'line': b'-- Up-to-date symlink: /home/rosi/ws_dual_arm/install/easy_handeye2_msgs/share/easy_handeye2_msgs/rust/src/srv.rs\n'}
[2.782910] (easy_handeye2_msgs) StdoutLine: {'line': b'-- Up-to-date symlink: /home/rosi/ws_dual_arm/install/easy_handeye2_msgs/share/easy_handeye2_msgs/rust/src/srv/rmw.rs\n'}
[2.783447] (easy_handeye2_msgs) StdoutLine: {'line': b'-- Up-to-date symlink: /home/rosi/ws_dual_arm/install/easy_handeye2_msgs/share/easy_handeye2_msgs/msg/HandeyeCalibration.idl\n'}
[2.783685] (easy_handeye2_msgs) StdoutLine: {'line': b'-- Up-to-date symlink: /home/rosi/ws_dual_arm/install/easy_handeye2_msgs/share/easy_handeye2_msgs/msg/HandeyeCalibrationParameters.idl\n'}
[2.784005] (easy_handeye2_msgs) StdoutLine: {'line': b'-- Up-to-date symlink: /home/rosi/ws_dual_arm/install/easy_handeye2_msgs/share/easy_handeye2_msgs/msg/Sample.idl\n'}
[2.784392] (easy_handeye2_msgs) StdoutLine: {'line': b'-- Up-to-date symlink: /home/rosi/ws_dual_arm/install/easy_handeye2_msgs/share/easy_handeye2_msgs/msg/SampleList.idl\n'}
[2.785009] (easy_handeye2_msgs) StdoutLine: {'line': b'-- Up-to-date symlink: /home/rosi/ws_dual_arm/install/easy_handeye2_msgs/share/easy_handeye2_msgs/msg/TargetPoseList.idl\n'}
[2.785730] (easy_handeye2_msgs) StdoutLine: {'line': b'-- Up-to-date symlink: /home/rosi/ws_dual_arm/install/easy_handeye2_msgs/share/easy_handeye2_msgs/srv/ListAlgorithms.idl\n'}
[2.786358] (easy_handeye2_msgs) StdoutLine: {'line': b'-- Up-to-date symlink: /home/rosi/ws_dual_arm/install/easy_handeye2_msgs/share/easy_handeye2_msgs/srv/SetAlgorithm.idl\n'}
[2.786948] (easy_handeye2_msgs) StdoutLine: {'line': b'-- Up-to-date symlink: /home/rosi/ws_dual_arm/install/easy_handeye2_msgs/share/easy_handeye2_msgs/srv/ComputeCalibration.idl\n'}
[2.787336] (easy_handeye2_msgs) StdoutLine: {'line': b'-- Up-to-date symlink: /home/rosi/ws_dual_arm/install/easy_handeye2_msgs/share/easy_handeye2_msgs/srv/SaveCalibration.idl\n'}
[2.788009] (easy_handeye2_msgs) StdoutLine: {'line': b'-- Up-to-date symlink: /home/rosi/ws_dual_arm/install/easy_handeye2_msgs/share/easy_handeye2_msgs/srv/RemoveSample.idl\n'}
[2.788732] (easy_handeye2_msgs) StdoutLine: {'line': b'-- Up-to-date symlink: /home/rosi/ws_dual_arm/install/easy_handeye2_msgs/share/easy_handeye2_msgs/srv/TakeSample.idl\n'}
[2.789291] (easy_handeye2_msgs) StdoutLine: {'line': b'-- Up-to-date symlink: /home/rosi/ws_dual_arm/install/easy_handeye2_msgs/share/easy_handeye2_msgs/srv/SaveSamples.idl\n'}
[2.789632] (easy_handeye2_msgs) StdoutLine: {'line': b'-- Up-to-date symlink: /home/rosi/ws_dual_arm/install/easy_handeye2_msgs/share/easy_handeye2_msgs/srv/LoadSamples.idl\n'}
[2.789868] (easy_handeye2_msgs) StdoutLine: {'line': b'-- Up-to-date symlink: /home/rosi/ws_dual_arm/install/easy_handeye2_msgs/share/easy_handeye2_msgs/srv/CheckStartingPose.idl\n'}
[2.790177] (easy_handeye2_msgs) StdoutLine: {'line': b'-- Up-to-date symlink: /home/rosi/ws_dual_arm/install/easy_handeye2_msgs/share/easy_handeye2_msgs/srv/EnumerateTargetPoses.idl\n'}
[2.790710] (easy_handeye2_msgs) StdoutLine: {'line': b'-- Up-to-date symlink: /home/rosi/ws_dual_arm/install/easy_handeye2_msgs/share/easy_handeye2_msgs/srv/SelectTargetPose.idl\n'}
[2.791176] (easy_handeye2_msgs) StdoutLine: {'line': b'-- Up-to-date symlink: /home/rosi/ws_dual_arm/install/easy_handeye2_msgs/share/easy_handeye2_msgs/srv/PlanToSelectedTargetPose.idl\n'}
[2.791771] (easy_handeye2_msgs) StdoutLine: {'line': b'-- Up-to-date symlink: /home/rosi/ws_dual_arm/install/easy_handeye2_msgs/share/easy_handeye2_msgs/srv/ExecutePlan.idl\n'}
[2.792508] (easy_handeye2_msgs) StdoutLine: {'line': b'-- Up-to-date symlink: /home/rosi/ws_dual_arm/install/easy_handeye2_msgs/share/easy_handeye2_msgs/msg/HandeyeCalibration.msg\n'}
[2.793261] (easy_handeye2_msgs) StdoutLine: {'line': b'-- Up-to-date symlink: /home/rosi/ws_dual_arm/install/easy_handeye2_msgs/share/easy_handeye2_msgs/msg/HandeyeCalibrationParameters.msg\n'}
[2.793929] (easy_handeye2_msgs) StdoutLine: {'line': b'-- Up-to-date symlink: /home/rosi/ws_dual_arm/install/easy_handeye2_msgs/share/easy_handeye2_msgs/msg/Sample.msg\n'}
[2.794495] (easy_handeye2_msgs) StdoutLine: {'line': b'-- Up-to-date symlink: /home/rosi/ws_dual_arm/install/easy_handeye2_msgs/share/easy_handeye2_msgs/msg/SampleList.msg\n'}
[2.795017] (easy_handeye2_msgs) StdoutLine: {'line': b'-- Up-to-date symlink: /home/rosi/ws_dual_arm/install/easy_handeye2_msgs/share/easy_handeye2_msgs/msg/TargetPoseList.msg\n'}
[2.795541] (easy_handeye2_msgs) StdoutLine: {'line': b'-- Up-to-date symlink: /home/rosi/ws_dual_arm/install/easy_handeye2_msgs/share/easy_handeye2_msgs/calibration/ListAlgorithms.srv\n'}
[2.796118] (easy_handeye2_msgs) StdoutLine: {'line': b'-- Up-to-date symlink: /home/rosi/ws_dual_arm/install/easy_handeye2_msgs/share/easy_handeye2_msgs/calibration/ListAlgorithms_Request.msg\n'}
[2.796694] (easy_handeye2_msgs) StdoutLine: {'line': b'-- Up-to-date symlink: /home/rosi/ws_dual_arm/install/easy_handeye2_msgs/share/easy_handeye2_msgs/calibration/ListAlgorithms_Response.msg\n'}
[2.796886] (easy_handeye2_msgs) StdoutLine: {'line': b'-- Up-to-date symlink: /home/rosi/ws_dual_arm/install/easy_handeye2_msgs/share/easy_handeye2_msgs/calibration/SetAlgorithm.srv\n'}
[2.797278] (easy_handeye2_msgs) StdoutLine: {'line': b'-- Up-to-date symlink: /home/rosi/ws_dual_arm/install/easy_handeye2_msgs/share/easy_handeye2_msgs/calibration/SetAlgorithm_Request.msg\n'}
[2.797502] (easy_handeye2_msgs) StdoutLine: {'line': b'-- Up-to-date symlink: /home/rosi/ws_dual_arm/install/easy_handeye2_msgs/share/easy_handeye2_msgs/calibration/SetAlgorithm_Response.msg\n'}
[2.797649] (easy_handeye2_msgs) StdoutLine: {'line': b'-- Up-to-date symlink: /home/rosi/ws_dual_arm/install/easy_handeye2_msgs/share/easy_handeye2_msgs/calibration/ComputeCalibration.srv\n'}
[2.797842] (easy_handeye2_msgs) StdoutLine: {'line': b'-- Up-to-date symlink: /home/rosi/ws_dual_arm/install/easy_handeye2_msgs/share/easy_handeye2_msgs/calibration/ComputeCalibration_Request.msg\n'}
[2.798052] (easy_handeye2_msgs) StdoutLine: {'line': b'-- Up-to-date symlink: /home/rosi/ws_dual_arm/install/easy_handeye2_msgs/share/easy_handeye2_msgs/calibration/ComputeCalibration_Response.msg\n'}
[2.798290] (easy_handeye2_msgs) StdoutLine: {'line': b'-- Up-to-date symlink: /home/rosi/ws_dual_arm/install/easy_handeye2_msgs/share/easy_handeye2_msgs/calibration/SaveCalibration.srv\n'}
[2.798503] (easy_handeye2_msgs) StdoutLine: {'line': b'-- Up-to-date symlink: /home/rosi/ws_dual_arm/install/easy_handeye2_msgs/share/easy_handeye2_msgs/calibration/SaveCalibration_Request.msg\n'}
[2.798872] (easy_handeye2_msgs) StdoutLine: {'line': b'-- Up-to-date symlink: /home/rosi/ws_dual_arm/install/easy_handeye2_msgs/share/easy_handeye2_msgs/calibration/SaveCalibration_Response.msg\n'}
[2.798976] (easy_handeye2_msgs) StdoutLine: {'line': b'-- Up-to-date symlink: /home/rosi/ws_dual_arm/install/easy_handeye2_msgs/share/easy_handeye2_msgs/calibration/RemoveSample.srv\n'}
[2.799165] (easy_handeye2_msgs) StdoutLine: {'line': b'-- Up-to-date symlink: /home/rosi/ws_dual_arm/install/easy_handeye2_msgs/share/easy_handeye2_msgs/calibration/RemoveSample_Request.msg\n'}
[2.799369] (easy_handeye2_msgs) StdoutLine: {'line': b'-- Up-to-date symlink: /home/rosi/ws_dual_arm/install/easy_handeye2_msgs/share/easy_handeye2_msgs/calibration/RemoveSample_Response.msg\n'}
[2.799560] (easy_handeye2_msgs) StdoutLine: {'line': b'-- Up-to-date symlink: /home/rosi/ws_dual_arm/install/easy_handeye2_msgs/share/easy_handeye2_msgs/calibration/TakeSample.srv\n'}
[2.799757] (easy_handeye2_msgs) StdoutLine: {'line': b'-- Up-to-date symlink: /home/rosi/ws_dual_arm/install/easy_handeye2_msgs/share/easy_handeye2_msgs/calibration/TakeSample_Request.msg\n'}
[2.799947] (easy_handeye2_msgs) StdoutLine: {'line': b'-- Up-to-date symlink: /home/rosi/ws_dual_arm/install/easy_handeye2_msgs/share/easy_handeye2_msgs/calibration/TakeSample_Response.msg\n'}
[2.800158] (easy_handeye2_msgs) StdoutLine: {'line': b'-- Up-to-date symlink: /home/rosi/ws_dual_arm/install/easy_handeye2_msgs/share/easy_handeye2_msgs/calibration/SaveSamples.srv\n'}
[2.800365] (easy_handeye2_msgs) StdoutLine: {'line': b'-- Up-to-date symlink: /home/rosi/ws_dual_arm/install/easy_handeye2_msgs/share/easy_handeye2_msgs/calibration/SaveSamples_Request.msg\n'}
[2.800579] (easy_handeye2_msgs) StdoutLine: {'line': b'-- Up-to-date symlink: /home/rosi/ws_dual_arm/install/easy_handeye2_msgs/share/easy_handeye2_msgs/calibration/SaveSamples_Response.msg\n'}
[2.800783] (easy_handeye2_msgs) StdoutLine: {'line': b'-- Up-to-date symlink: /home/rosi/ws_dual_arm/install/easy_handeye2_msgs/share/easy_handeye2_msgs/calibration/LoadSamples.srv\n'}
[2.800992] (easy_handeye2_msgs) StdoutLine: {'line': b'-- Up-to-date symlink: /home/rosi/ws_dual_arm/install/easy_handeye2_msgs/share/easy_handeye2_msgs/calibration/LoadSamples_Request.msg\n'}
[2.801219] (easy_handeye2_msgs) StdoutLine: {'line': b'-- Up-to-date symlink: /home/rosi/ws_dual_arm/install/easy_handeye2_msgs/share/easy_handeye2_msgs/calibration/LoadSamples_Response.msg\n'}
[2.801467] (easy_handeye2_msgs) StdoutLine: {'line': b'-- Up-to-date symlink: /home/rosi/ws_dual_arm/install/easy_handeye2_msgs/share/easy_handeye2_msgs/robot_movements/CheckStartingPose.srv\n'}
[2.801736] (easy_handeye2_msgs) StdoutLine: {'line': b'-- Up-to-date symlink: /home/rosi/ws_dual_arm/install/easy_handeye2_msgs/share/easy_handeye2_msgs/robot_movements/CheckStartingPose_Request.msg\n'}
[2.801970] (easy_handeye2_msgs) StdoutLine: {'line': b'-- Up-to-date symlink: /home/rosi/ws_dual_arm/install/easy_handeye2_msgs/share/easy_handeye2_msgs/robot_movements/CheckStartingPose_Response.msg\n'}
[2.802194] (easy_handeye2_msgs) StdoutLine: {'line': b'-- Up-to-date symlink: /home/rosi/ws_dual_arm/install/easy_handeye2_msgs/share/easy_handeye2_msgs/robot_movements/EnumerateTargetPoses.srv\n'}
[2.802416] (easy_handeye2_msgs) StdoutLine: {'line': b'-- Up-to-date symlink: /home/rosi/ws_dual_arm/install/easy_handeye2_msgs/share/easy_handeye2_msgs/robot_movements/EnumerateTargetPoses_Request.msg\n'}
[2.802639] (easy_handeye2_msgs) StdoutLine: {'line': b'-- Up-to-date symlink: /home/rosi/ws_dual_arm/install/easy_handeye2_msgs/share/easy_handeye2_msgs/robot_movements/EnumerateTargetPoses_Response.msg\n'}
[2.802857] (easy_handeye2_msgs) StdoutLine: {'line': b'-- Up-to-date symlink: /home/rosi/ws_dual_arm/install/easy_handeye2_msgs/share/easy_handeye2_msgs/robot_movements/SelectTargetPose.srv\n'}
[2.803094] (easy_handeye2_msgs) StdoutLine: {'line': b'-- Up-to-date symlink: /home/rosi/ws_dual_arm/install/easy_handeye2_msgs/share/easy_handeye2_msgs/robot_movements/SelectTargetPose_Request.msg\n'}
[2.803332] (easy_handeye2_msgs) StdoutLine: {'line': b'-- Up-to-date symlink: /home/rosi/ws_dual_arm/install/easy_handeye2_msgs/share/easy_handeye2_msgs/robot_movements/SelectTargetPose_Response.msg\n'}
[2.803554] (easy_handeye2_msgs) StdoutLine: {'line': b'-- Up-to-date symlink: /home/rosi/ws_dual_arm/install/easy_handeye2_msgs/share/easy_handeye2_msgs/robot_movements/PlanToSelectedTargetPose.srv\n'}
[2.803772] (easy_handeye2_msgs) StdoutLine: {'line': b'-- Up-to-date symlink: /home/rosi/ws_dual_arm/install/easy_handeye2_msgs/share/easy_handeye2_msgs/robot_movements/PlanToSelectedTargetPose_Request.msg\n'}
[2.803992] (easy_handeye2_msgs) StdoutLine: {'line': b'-- Up-to-date symlink: /home/rosi/ws_dual_arm/install/easy_handeye2_msgs/share/easy_handeye2_msgs/robot_movements/PlanToSelectedTargetPose_Response.msg\n'}
[2.804246] (easy_handeye2_msgs) StdoutLine: {'line': b'-- Up-to-date symlink: /home/rosi/ws_dual_arm/install/easy_handeye2_msgs/share/easy_handeye2_msgs/robot_movements/ExecutePlan.srv\n'}
[2.804464] (easy_handeye2_msgs) StdoutLine: {'line': b'-- Up-to-date symlink: /home/rosi/ws_dual_arm/install/easy_handeye2_msgs/share/easy_handeye2_msgs/robot_movements/ExecutePlan_Request.msg\n'}
[2.804681] (easy_handeye2_msgs) StdoutLine: {'line': b'-- Up-to-date symlink: /home/rosi/ws_dual_arm/install/easy_handeye2_msgs/share/easy_handeye2_msgs/robot_movements/ExecutePlan_Response.msg\n'}
[2.804967] (easy_handeye2_msgs) StdoutLine: {'line': b'-- Up-to-date symlink: /home/rosi/ws_dual_arm/install/easy_handeye2_msgs/share/ament_index/resource_index/package_run_dependencies/easy_handeye2_msgs\n'}
[2.805351] (easy_handeye2_msgs) StdoutLine: {'line': b'-- Up-to-date symlink: /home/rosi/ws_dual_arm/install/easy_handeye2_msgs/share/ament_index/resource_index/parent_prefix_path/easy_handeye2_msgs\n'}
[2.805541] (easy_handeye2_msgs) StdoutLine: {'line': b'-- Up-to-date symlink: /home/rosi/ws_dual_arm/install/easy_handeye2_msgs/share/easy_handeye2_msgs/environment/ament_prefix_path.sh\n'}
[2.805750] (easy_handeye2_msgs) StdoutLine: {'line': b'-- Up-to-date symlink: /home/rosi/ws_dual_arm/install/easy_handeye2_msgs/share/easy_handeye2_msgs/environment/ament_prefix_path.dsv\n'}
[2.805960] (easy_handeye2_msgs) StdoutLine: {'line': b'-- Up-to-date symlink: /home/rosi/ws_dual_arm/install/easy_handeye2_msgs/share/easy_handeye2_msgs/environment/path.sh\n'}
[2.806713] (easy_handeye2_msgs) StdoutLine: {'line': b'-- Up-to-date symlink: /home/rosi/ws_dual_arm/install/easy_handeye2_msgs/share/easy_handeye2_msgs/environment/path.dsv\n'}
[2.807161] (-) TimerEvent: {}
[2.807400] (easy_handeye2_msgs) StdoutLine: {'line': b'-- Up-to-date symlink: /home/rosi/ws_dual_arm/install/easy_handeye2_msgs/share/easy_handeye2_msgs/local_setup.bash\n'}
[2.808029] (easy_handeye2_msgs) StdoutLine: {'line': b'-- Up-to-date symlink: /home/rosi/ws_dual_arm/install/easy_handeye2_msgs/share/easy_handeye2_msgs/local_setup.sh\n'}
[2.808655] (easy_handeye2_msgs) StdoutLine: {'line': b'-- Up-to-date symlink: /home/rosi/ws_dual_arm/install/easy_handeye2_msgs/share/easy_handeye2_msgs/local_setup.zsh\n'}
[2.809212] (easy_handeye2_msgs) StdoutLine: {'line': b'-- Up-to-date symlink: /home/rosi/ws_dual_arm/install/easy_handeye2_msgs/share/easy_handeye2_msgs/local_setup.dsv\n'}
[2.809560] (easy_handeye2_msgs) StdoutLine: {'line': b'-- Symlinking: /home/rosi/ws_dual_arm/install/easy_handeye2_msgs/share/easy_handeye2_msgs/package.dsv\n'}
[2.823915] (easy_handeye2_msgs) StdoutLine: {'line': b'-- Up-to-date symlink: /home/rosi/ws_dual_arm/install/easy_handeye2_msgs/share/ament_index/resource_index/packages/easy_handeye2_msgs\n'}
[2.824287] (easy_handeye2_msgs) StdoutLine: {'line': b'-- Up-to-date symlink: /home/rosi/ws_dual_arm/install/easy_handeye2_msgs/share/easy_handeye2_msgs/cmake/rosidl_cmake-extras.cmake\n'}
[2.824644] (easy_handeye2_msgs) StdoutLine: {'line': b'-- Up-to-date symlink: /home/rosi/ws_dual_arm/install/easy_handeye2_msgs/share/easy_handeye2_msgs/cmake/ament_cmake_export_dependencies-extras.cmake\n'}
[2.824974] (easy_handeye2_msgs) StdoutLine: {'line': b'-- Up-to-date symlink: /home/rosi/ws_dual_arm/install/easy_handeye2_msgs/share/easy_handeye2_msgs/cmake/ament_cmake_export_include_directories-extras.cmake\n'}
[2.825331] (easy_handeye2_msgs) StdoutLine: {'line': b'-- Up-to-date symlink: /home/rosi/ws_dual_arm/install/easy_handeye2_msgs/share/easy_handeye2_msgs/cmake/ament_cmake_export_libraries-extras.cmake\n'}
[2.825640] (easy_handeye2_msgs) StdoutLine: {'line': b'-- Up-to-date symlink: /home/rosi/ws_dual_arm/install/easy_handeye2_msgs/share/easy_handeye2_msgs/cmake/ament_cmake_export_targets-extras.cmake\n'}
[2.825954] (easy_handeye2_msgs) StdoutLine: {'line': b'-- Up-to-date symlink: /home/rosi/ws_dual_arm/install/easy_handeye2_msgs/share/easy_handeye2_msgs/cmake/rosidl_cmake_export_typesupport_targets-extras.cmake\n'}
[2.826200] (easy_handeye2_msgs) StdoutLine: {'line': b'-- Up-to-date symlink: /home/rosi/ws_dual_arm/install/easy_handeye2_msgs/share/easy_handeye2_msgs/cmake/rosidl_cmake_export_typesupport_libraries-extras.cmake\n'}
[2.826449] (easy_handeye2_msgs) StdoutLine: {'line': b'-- Up-to-date symlink: /home/rosi/ws_dual_arm/install/easy_handeye2_msgs/share/easy_handeye2_msgs/cmake/easy_handeye2_msgsConfig.cmake\n'}
[2.826683] (easy_handeye2_msgs) StdoutLine: {'line': b'-- Up-to-date symlink: /home/rosi/ws_dual_arm/install/easy_handeye2_msgs/share/easy_handeye2_msgs/cmake/easy_handeye2_msgsConfig-version.cmake\n'}
[2.826923] (easy_handeye2_msgs) StdoutLine: {'line': b'-- Up-to-date symlink: /home/rosi/ws_dual_arm/install/easy_handeye2_msgs/share/easy_handeye2_msgs/package.xml\n'}
[2.827914] (easy_handeye2_msgs) StdoutLine: {'line': b'-- Up-to-date: /home/rosi/ws_dual_arm/install/easy_handeye2_msgs/lib/libeasy_handeye2_msgs__rosidl_generator_c.so\n'}
[2.828888] (easy_handeye2_msgs) StdoutLine: {'line': b'-- Up-to-date: /home/rosi/ws_dual_arm/install/easy_handeye2_msgs/lib/libeasy_handeye2_msgs__rosidl_typesupport_fastrtps_c.so\n'}
[2.829789] (easy_handeye2_msgs) StdoutLine: {'line': b'-- Up-to-date: /home/rosi/ws_dual_arm/install/easy_handeye2_msgs/lib/libeasy_handeye2_msgs__rosidl_typesupport_introspection_c.so\n'}
[2.830560] (easy_handeye2_msgs) StdoutLine: {'line': b'-- Up-to-date: /home/rosi/ws_dual_arm/install/easy_handeye2_msgs/lib/libeasy_handeye2_msgs__rosidl_typesupport_c.so\n'}
[2.831405] (easy_handeye2_msgs) StdoutLine: {'line': b'-- Up-to-date: /home/rosi/ws_dual_arm/install/easy_handeye2_msgs/lib/libeasy_handeye2_msgs__rosidl_typesupport_fastrtps_cpp.so\n'}
[2.832436] (easy_handeye2_msgs) StdoutLine: {'line': b'-- Up-to-date: /home/rosi/ws_dual_arm/install/easy_handeye2_msgs/lib/libeasy_handeye2_msgs__rosidl_typesupport_introspection_cpp.so\n'}
[2.833360] (easy_handeye2_msgs) StdoutLine: {'line': b'-- Up-to-date: /home/rosi/ws_dual_arm/install/easy_handeye2_msgs/lib/libeasy_handeye2_msgs__rosidl_typesupport_cpp.so\n'}
[2.888818] (easy_handeye2_msgs) StdoutLine: {'line': b"Listing '/home/rosi/ws_dual_arm/install/easy_handeye2_msgs/local/lib/python3.10/dist-packages/easy_handeye2_msgs'...\n"}
[2.889174] (easy_handeye2_msgs) StdoutLine: {'line': b"Compiling '/home/rosi/ws_dual_arm/install/easy_handeye2_msgs/local/lib/python3.10/dist-packages/easy_handeye2_msgs/__init__.py'...\n"}
[2.889302] (easy_handeye2_msgs) StdoutLine: {'line': b"Listing '/home/rosi/ws_dual_arm/install/easy_handeye2_msgs/local/lib/python3.10/dist-packages/easy_handeye2_msgs/msg'...\n"}
[2.889402] (easy_handeye2_msgs) StdoutLine: {'line': b"Listing '/home/rosi/ws_dual_arm/install/easy_handeye2_msgs/local/lib/python3.10/dist-packages/easy_handeye2_msgs/srv'...\n"}
[2.898359] (easy_handeye2_msgs) StdoutLine: {'line': b'-- Up-to-date: /home/rosi/ws_dual_arm/install/easy_handeye2_msgs/lib/libeasy_handeye2_msgs__rosidl_generator_py.so\n'}
[2.898655] (easy_handeye2_msgs) StdoutLine: {'line': b'-- Up-to-date: /home/rosi/ws_dual_arm/install/easy_handeye2_msgs/share/easy_handeye2_msgs/cmake/export_easy_handeye2_msgs__rosidl_generator_cExport.cmake\n'}
[2.898751] (easy_handeye2_msgs) StdoutLine: {'line': b'-- Up-to-date: /home/rosi/ws_dual_arm/install/easy_handeye2_msgs/share/easy_handeye2_msgs/cmake/export_easy_handeye2_msgs__rosidl_generator_cExport-noconfig.cmake\n'}
[2.898902] (easy_handeye2_msgs) StdoutLine: {'line': b'-- Up-to-date: /home/rosi/ws_dual_arm/install/easy_handeye2_msgs/share/easy_handeye2_msgs/cmake/export_easy_handeye2_msgs__rosidl_typesupport_fastrtps_cExport.cmake\n'}
[2.898970] (easy_handeye2_msgs) StdoutLine: {'line': b'-- Up-to-date: /home/rosi/ws_dual_arm/install/easy_handeye2_msgs/share/easy_handeye2_msgs/cmake/export_easy_handeye2_msgs__rosidl_typesupport_fastrtps_cExport-noconfig.cmake\n'}
[2.899050] (easy_handeye2_msgs) StdoutLine: {'line': b'-- Up-to-date: /home/rosi/ws_dual_arm/install/easy_handeye2_msgs/share/easy_handeye2_msgs/cmake/easy_handeye2_msgs__rosidl_typesupport_introspection_cExport.cmake\n'}
[2.899124] (easy_handeye2_msgs) StdoutLine: {'line': b'-- Up-to-date: /home/rosi/ws_dual_arm/install/easy_handeye2_msgs/share/easy_handeye2_msgs/cmake/easy_handeye2_msgs__rosidl_typesupport_introspection_cExport-noconfig.cmake\n'}
[2.899237] (easy_handeye2_msgs) StdoutLine: {'line': b'-- Up-to-date: /home/rosi/ws_dual_arm/install/easy_handeye2_msgs/share/easy_handeye2_msgs/cmake/easy_handeye2_msgs__rosidl_typesupport_cExport.cmake\n'}
[2.899347] (easy_handeye2_msgs) StdoutLine: {'line': b'-- Up-to-date: /home/rosi/ws_dual_arm/install/easy_handeye2_msgs/share/easy_handeye2_msgs/cmake/easy_handeye2_msgs__rosidl_typesupport_cExport-noconfig.cmake\n'}
[2.899497] (easy_handeye2_msgs) StdoutLine: {'line': b'-- Up-to-date: /home/rosi/ws_dual_arm/install/easy_handeye2_msgs/share/easy_handeye2_msgs/cmake/export_easy_handeye2_msgs__rosidl_generator_cppExport.cmake\n'}
[2.899669] (easy_handeye2_msgs) StdoutLine: {'line': b'-- Up-to-date: /home/rosi/ws_dual_arm/install/easy_handeye2_msgs/share/easy_handeye2_msgs/cmake/export_easy_handeye2_msgs__rosidl_typesupport_fastrtps_cppExport.cmake\n'}
[2.899744] (easy_handeye2_msgs) StdoutLine: {'line': b'-- Up-to-date: /home/rosi/ws_dual_arm/install/easy_handeye2_msgs/share/easy_handeye2_msgs/cmake/export_easy_handeye2_msgs__rosidl_typesupport_fastrtps_cppExport-noconfig.cmake\n'}
[2.899893] (easy_handeye2_msgs) StdoutLine: {'line': b'-- Up-to-date: /home/rosi/ws_dual_arm/install/easy_handeye2_msgs/share/easy_handeye2_msgs/cmake/easy_handeye2_msgs__rosidl_typesupport_introspection_cppExport.cmake\n'}
[2.899970] (easy_handeye2_msgs) StdoutLine: {'line': b'-- Up-to-date: /home/rosi/ws_dual_arm/install/easy_handeye2_msgs/share/easy_handeye2_msgs/cmake/easy_handeye2_msgs__rosidl_typesupport_introspection_cppExport-noconfig.cmake\n'}
[2.900108] (easy_handeye2_msgs) StdoutLine: {'line': b'-- Up-to-date: /home/rosi/ws_dual_arm/install/easy_handeye2_msgs/share/easy_handeye2_msgs/cmake/easy_handeye2_msgs__rosidl_typesupport_cppExport.cmake\n'}
[2.900215] (easy_handeye2_msgs) StdoutLine: {'line': b'-- Up-to-date: /home/rosi/ws_dual_arm/install/easy_handeye2_msgs/share/easy_handeye2_msgs/cmake/easy_handeye2_msgs__rosidl_typesupport_cppExport-noconfig.cmake\n'}
[2.900278] (easy_handeye2_msgs) StdoutLine: {'line': b'-- Up-to-date: /home/rosi/ws_dual_arm/install/easy_handeye2_msgs/share/easy_handeye2_msgs/cmake/export_easy_handeye2_msgs__rosidl_generator_pyExport.cmake\n'}
[2.900339] (easy_handeye2_msgs) StdoutLine: {'line': b'-- Up-to-date: /home/rosi/ws_dual_arm/install/easy_handeye2_msgs/share/easy_handeye2_msgs/cmake/export_easy_handeye2_msgs__rosidl_generator_pyExport-noconfig.cmake\n'}
[2.903661] (easy_handeye2_msgs) CommandEnded: {'returncode': 0}
[2.907321] (-) TimerEvent: {}
[2.955412] (easy_handeye2_msgs) JobEnded: {'identifier': 'easy_handeye2_msgs', 'rc': 0}
[2.955981] (easy_handeye2) JobStarted: {'identifier': 'easy_handeye2'}
[3.007549] (-) TimerEvent: {}
[3.107977] (-) TimerEvent: {}
[3.208447] (-) TimerEvent: {}
[3.308860] (-) TimerEvent: {}
[3.409200] (-) TimerEvent: {}
[3.509551] (-) TimerEvent: {}
[3.610016] (-) TimerEvent: {}
[3.710417] (-) TimerEvent: {}
[3.805342] (easy_handeye2) Command: {'cmd': ['/usr/bin/python3', '-W', 'ignore:setup.py install is deprecated', '-W', 'ignore:easy_install command is deprecated', 'setup.py', 'develop', '--uninstall', '--editable', '--build-directory', '/home/rosi/ws_dual_arm/build/easy_handeye2/build'], 'cwd': '/home/rosi/ws_dual_arm/build/easy_handeye2', 'env': {'LESSOPEN': '| /usr/bin/lesspipe %s', 'LANGUAGE': 'en_US:', 'USER': 'rosi', 'LC_TIME': 'id_ID.UTF-8', 'XDG_SESSION_TYPE': 'x11', 'SHLVL': '1', 'LD_LIBRARY_PATH': '/home/rosi/ws_dual_arm/install/easy_handeye2_msgs/lib:/opt/ros/humble/opt/rviz_ogre_vendor/lib:/opt/ros/humble/lib/x86_64-linux-gnu:/opt/ros/humble/lib', 'HOME': '/home/rosi', 'OLDPWD': '/home/rosi/ws_dual_arm/src', 'DESKTOP_SESSION': 'ubuntu', 'ROS_PYTHON_VERSION': '3', 'GNOME_SHELL_SESSION_MODE': 'ubuntu', 'GTK_MODULES': 'gail:atk-bridge', 'LC_MONETARY': 'id_ID.UTF-8', 'SYSTEMD_EXEC_PID': '4124', 'DBUS_SESSION_BUS_ADDRESS': 'unix:path=/run/user/1001/bus', 'COLORTERM': 'truecolor', 'IM_CONFIG_PHASE': '1', 'ROS_DISTRO': 'humble', 'GTK_IM_MODULE': 'ibus', 'LOGNAME': 'rosi', '_': '/usr/bin/colcon', 'ROS_VERSION': '2', 'XDG_SESSION_CLASS': 'user', 'USERNAME': 'rosi', 'TERM': 'xterm-256color', 'GNOME_DESKTOP_SESSION_ID': 'this-is-deprecated', 'ROS_LOCALHOST_ONLY': '0', 'WINDOWPATH': '2', 'PATH': '/opt/ros/humble/bin:/home/rosi/.local/bin:/usr/local/sbin:/usr/local/bin:/usr/sbin:/usr/bin:/sbin:/bin:/usr/games:/usr/local/games:/snap/bin:/snap/bin', 'SESSION_MANAGER': 'local/rosi-Precision-3571:@/tmp/.ICE-unix/4091,unix/rosi-Precision-3571:/tmp/.ICE-unix/4091', 'XDG_MENU_PREFIX': 'gnome-', 'LC_ADDRESS': 'id_ID.UTF-8', 'GNOME_TERMINAL_SCREEN': '/org/gnome/Terminal/screen/778fd73a_6fc7_40cd_954c_f51238d48955', 'XDG_RUNTIME_DIR': '/run/user/1001', 'DISPLAY': ':1', 'LANG': 'en_US.UTF-8', 'XDG_CURRENT_DESKTOP': 'ubuntu:GNOME', 'LC_TELEPHONE': 'id_ID.UTF-8', 'XMODIFIERS': '@im=ibus', 'XDG_SESSION_DESKTOP': 'ubuntu', 'XAUTHORITY': '/run/user/1001/gdm/Xauthority', 'LS_COLORS': 'rs=0:di=01;34:ln=01;36:mh=00:pi=40;33:so=01;35:do=01;35:bd=40;33;01:cd=40;33;01:or=40;31;01:mi=00:su=37;41:sg=30;43:ca=30;41:tw=30;42:ow=34;42:st=37;44:ex=01;32:*.tar=01;31:*.tgz=01;31:*.arc=01;31:*.arj=01;31:*.taz=01;31:*.lha=01;31:*.lz4=01;31:*.lzh=01;31:*.lzma=01;31:*.tlz=01;31:*.txz=01;31:*.tzo=01;31:*.t7z=01;31:*.zip=01;31:*.z=01;31:*.dz=01;31:*.gz=01;31:*.lrz=01;31:*.lz=01;31:*.lzo=01;31:*.xz=01;31:*.zst=01;31:*.tzst=01;31:*.bz2=01;31:*.bz=01;31:*.tbz=01;31:*.tbz2=01;31:*.tz=01;31:*.deb=01;31:*.rpm=01;31:*.jar=01;31:*.war=01;31:*.ear=01;31:*.sar=01;31:*.rar=01;31:*.alz=01;31:*.ace=01;31:*.zoo=01;31:*.cpio=01;31:*.7z=01;31:*.rz=01;31:*.cab=01;31:*.wim=01;31:*.swm=01;31:*.dwm=01;31:*.esd=01;31:*.jpg=01;35:*.jpeg=01;35:*.mjpg=01;35:*.mjpeg=01;35:*.gif=01;35:*.bmp=01;35:*.pbm=01;35:*.pgm=01;35:*.ppm=01;35:*.tga=01;35:*.xbm=01;35:*.xpm=01;35:*.tif=01;35:*.tiff=01;35:*.png=01;35:*.svg=01;35:*.svgz=01;35:*.mng=01;35:*.pcx=01;35:*.mov=01;35:*.mpg=01;35:*.mpeg=01;35:*.m2v=01;35:*.mkv=01;35:*.webm=01;35:*.webp=01;35:*.ogm=01;35:*.mp4=01;35:*.m4v=01;35:*.mp4v=01;35:*.vob=01;35:*.qt=01;35:*.nuv=01;35:*.wmv=01;35:*.asf=01;35:*.rm=01;35:*.rmvb=01;35:*.flc=01;35:*.avi=01;35:*.fli=01;35:*.flv=01;35:*.gl=01;35:*.dl=01;35:*.xcf=01;35:*.xwd=01;35:*.yuv=01;35:*.cgm=01;35:*.emf=01;35:*.ogv=01;35:*.ogx=01;35:*.aac=00;36:*.au=00;36:*.flac=00;36:*.m4a=00;36:*.mid=00;36:*.midi=00;36:*.mka=00;36:*.mp3=00;36:*.mpc=00;36:*.ogg=00;36:*.ra=00;36:*.wav=00;36:*.oga=00;36:*.opus=00;36:*.spx=00;36:*.xspf=00;36:', 'GNOME_TERMINAL_SERVICE': ':1.98', 'SSH_AGENT_LAUNCHER': 'gnome-keyring', 'SSH_AUTH_SOCK': '/run/user/1001/keyring/ssh', 'AMENT_PREFIX_PATH': '/home/rosi/ws_dual_arm/install/easy_handeye2_msgs:/opt/ros/humble', 'SHELL': '/bin/bash', 'LC_NAME': 'id_ID.UTF-8', 'QT_ACCESSIBILITY': '1', 'GDMSESSION': 'ubuntu', 'LESSCLOSE': '/usr/bin/lesspipe %s %s', 'LC_MEASUREMENT': 'id_ID.UTF-8', 'GPG_AGENT_INFO': '/run/user/1001/gnupg/S.gpg-agent:0:1', 'LC_IDENTIFICATION': 'id_ID.UTF-8', 'QT_IM_MODULE': 'ibus', 'PWD': '/home/rosi/ws_dual_arm/build/easy_handeye2', 'LC_ALL': 'en_US.UTF-8', 'XDG_CONFIG_DIRS': '/etc/xdg/xdg-ubuntu:/etc/xdg', 'XDG_DATA_DIRS': '/usr/share/ubuntu:/usr/share/gnome:/home/rosi/.local/share/flatpak/exports/share:/var/lib/flatpak/exports/share:/usr/local/share/:/usr/share/:/var/lib/snapd/desktop', 'PYTHONPATH': '/home/rosi/ws_dual_arm/build/easy_handeye2/prefix_override:/usr/lib/python3/dist-packages/colcon_core/task/python/colcon_distutils_commands:/home/rosi/ws_dual_arm/install/easy_handeye2/lib/python3.10/site-packages:/home/rosi/ws_dual_arm/install/easy_handeye2_msgs/local/lib/python3.10/dist-packages:/opt/ros/humble/lib/python3.10/site-packages:/opt/ros/humble/local/lib/python3.10/dist-packages', 'LC_NUMERIC': 'id_ID.UTF-8', 'LC_PAPER': 'id_ID.UTF-8', 'COLCON': '1', 'VTE_VERSION': '6800', 'CMAKE_PREFIX_PATH': '/home/rosi/ws_dual_arm/install/easy_handeye2_msgs'}, 'shell': False}
[3.810543] (-) TimerEvent: {}
[3.910876] (-) TimerEvent: {}
[4.011186] (-) TimerEvent: {}
[4.111517] (-) TimerEvent: {}
[4.120718] (easy_handeye2) StdoutLine: {'line': b'running develop\n'}
[4.211715] (-) TimerEvent: {}
[4.312004] (-) TimerEvent: {}
[4.313470] (easy_handeye2) StdoutLine: {'line': b'Removing /home/rosi/ws_dual_arm/install/easy_handeye2/lib/python3.10/site-packages/easy-handeye2.egg-link (link to .)\n'}
[4.313729] (easy_handeye2) StderrLine: {'line': b'Note: you must uninstall or replace scripts manually!\n'}
[4.339798] (easy_handeye2) CommandEnded: {'returncode': 0}
[4.342313] (easy_handeye2) Command: {'cmd': ['/usr/bin/python3', '-W', 'ignore:setup.py install is deprecated', '-W', 'ignore:easy_install command is deprecated', 'setup.py', 'egg_info', '--egg-base', '../../../build/easy_handeye2', 'build', '--build-base', '/home/rosi/ws_dual_arm/build/easy_handeye2/build', 'install', '--record', '/home/rosi/ws_dual_arm/build/easy_handeye2/install.log', '--single-version-externally-managed', 'install_data', '--force'], 'cwd': '/home/rosi/ws_dual_arm/src/easy_handeye2/easy_handeye2', 'env': {'LESSOPEN': '| /usr/bin/lesspipe %s', 'LANGUAGE': 'en_US:', 'USER': 'rosi', 'LC_TIME': 'id_ID.UTF-8', 'XDG_SESSION_TYPE': 'x11', 'SHLVL': '1', 'LD_LIBRARY_PATH': '/home/rosi/ws_dual_arm/install/easy_handeye2_msgs/lib:/opt/ros/humble/opt/rviz_ogre_vendor/lib:/opt/ros/humble/lib/x86_64-linux-gnu:/opt/ros/humble/lib', 'HOME': '/home/rosi', 'OLDPWD': '/home/rosi/ws_dual_arm/src', 'DESKTOP_SESSION': 'ubuntu', 'ROS_PYTHON_VERSION': '3', 'GNOME_SHELL_SESSION_MODE': 'ubuntu', 'GTK_MODULES': 'gail:atk-bridge', 'LC_MONETARY': 'id_ID.UTF-8', 'SYSTEMD_EXEC_PID': '4124', 'DBUS_SESSION_BUS_ADDRESS': 'unix:path=/run/user/1001/bus', 'COLORTERM': 'truecolor', 'IM_CONFIG_PHASE': '1', 'ROS_DISTRO': 'humble', 'GTK_IM_MODULE': 'ibus', 'LOGNAME': 'rosi', '_': '/usr/bin/colcon', 'ROS_VERSION': '2', 'XDG_SESSION_CLASS': 'user', 'USERNAME': 'rosi', 'TERM': 'xterm-256color', 'GNOME_DESKTOP_SESSION_ID': 'this-is-deprecated', 'ROS_LOCALHOST_ONLY': '0', 'WINDOWPATH': '2', 'PATH': '/opt/ros/humble/bin:/home/rosi/.local/bin:/usr/local/sbin:/usr/local/bin:/usr/sbin:/usr/bin:/sbin:/bin:/usr/games:/usr/local/games:/snap/bin:/snap/bin', 'SESSION_MANAGER': 'local/rosi-Precision-3571:@/tmp/.ICE-unix/4091,unix/rosi-Precision-3571:/tmp/.ICE-unix/4091', 'XDG_MENU_PREFIX': 'gnome-', 'LC_ADDRESS': 'id_ID.UTF-8', 'GNOME_TERMINAL_SCREEN': '/org/gnome/Terminal/screen/778fd73a_6fc7_40cd_954c_f51238d48955', 'XDG_RUNTIME_DIR': '/run/user/1001', 'DISPLAY': ':1', 'LANG': 'en_US.UTF-8', 'XDG_CURRENT_DESKTOP': 'ubuntu:GNOME', 'LC_TELEPHONE': 'id_ID.UTF-8', 'XMODIFIERS': '@im=ibus', 'XDG_SESSION_DESKTOP': 'ubuntu', 'XAUTHORITY': '/run/user/1001/gdm/Xauthority', 'LS_COLORS': 'rs=0:di=01;34:ln=01;36:mh=00:pi=40;33:so=01;35:do=01;35:bd=40;33;01:cd=40;33;01:or=40;31;01:mi=00:su=37;41:sg=30;43:ca=30;41:tw=30;42:ow=34;42:st=37;44:ex=01;32:*.tar=01;31:*.tgz=01;31:*.arc=01;31:*.arj=01;31:*.taz=01;31:*.lha=01;31:*.lz4=01;31:*.lzh=01;31:*.lzma=01;31:*.tlz=01;31:*.txz=01;31:*.tzo=01;31:*.t7z=01;31:*.zip=01;31:*.z=01;31:*.dz=01;31:*.gz=01;31:*.lrz=01;31:*.lz=01;31:*.lzo=01;31:*.xz=01;31:*.zst=01;31:*.tzst=01;31:*.bz2=01;31:*.bz=01;31:*.tbz=01;31:*.tbz2=01;31:*.tz=01;31:*.deb=01;31:*.rpm=01;31:*.jar=01;31:*.war=01;31:*.ear=01;31:*.sar=01;31:*.rar=01;31:*.alz=01;31:*.ace=01;31:*.zoo=01;31:*.cpio=01;31:*.7z=01;31:*.rz=01;31:*.cab=01;31:*.wim=01;31:*.swm=01;31:*.dwm=01;31:*.esd=01;31:*.jpg=01;35:*.jpeg=01;35:*.mjpg=01;35:*.mjpeg=01;35:*.gif=01;35:*.bmp=01;35:*.pbm=01;35:*.pgm=01;35:*.ppm=01;35:*.tga=01;35:*.xbm=01;35:*.xpm=01;35:*.tif=01;35:*.tiff=01;35:*.png=01;35:*.svg=01;35:*.svgz=01;35:*.mng=01;35:*.pcx=01;35:*.mov=01;35:*.mpg=01;35:*.mpeg=01;35:*.m2v=01;35:*.mkv=01;35:*.webm=01;35:*.webp=01;35:*.ogm=01;35:*.mp4=01;35:*.m4v=01;35:*.mp4v=01;35:*.vob=01;35:*.qt=01;35:*.nuv=01;35:*.wmv=01;35:*.asf=01;35:*.rm=01;35:*.rmvb=01;35:*.flc=01;35:*.avi=01;35:*.fli=01;35:*.flv=01;35:*.gl=01;35:*.dl=01;35:*.xcf=01;35:*.xwd=01;35:*.yuv=01;35:*.cgm=01;35:*.emf=01;35:*.ogv=01;35:*.ogx=01;35:*.aac=00;36:*.au=00;36:*.flac=00;36:*.m4a=00;36:*.mid=00;36:*.midi=00;36:*.mka=00;36:*.mp3=00;36:*.mpc=00;36:*.ogg=00;36:*.ra=00;36:*.wav=00;36:*.oga=00;36:*.opus=00;36:*.spx=00;36:*.xspf=00;36:', 'GNOME_TERMINAL_SERVICE': ':1.98', 'SSH_AGENT_LAUNCHER': 'gnome-keyring', 'SSH_AUTH_SOCK': '/run/user/1001/keyring/ssh', 'AMENT_PREFIX_PATH': '/home/rosi/ws_dual_arm/install/easy_handeye2_msgs:/opt/ros/humble', 'SHELL': '/bin/bash', 'LC_NAME': 'id_ID.UTF-8', 'QT_ACCESSIBILITY': '1', 'GDMSESSION': 'ubuntu', 'LESSCLOSE': '/usr/bin/lesspipe %s %s', 'LC_MEASUREMENT': 'id_ID.UTF-8', 'GPG_AGENT_INFO': '/run/user/1001/gnupg/S.gpg-agent:0:1', 'LC_IDENTIFICATION': 'id_ID.UTF-8', 'QT_IM_MODULE': 'ibus', 'PWD': '/home/rosi/ws_dual_arm/build/easy_handeye2', 'LC_ALL': 'en_US.UTF-8', 'XDG_CONFIG_DIRS': '/etc/xdg/xdg-ubuntu:/etc/xdg', 'XDG_DATA_DIRS': '/usr/share/ubuntu:/usr/share/gnome:/home/rosi/.local/share/flatpak/exports/share:/var/lib/flatpak/exports/share:/usr/local/share/:/usr/share/:/var/lib/snapd/desktop', 'PYTHONPATH': '/home/rosi/ws_dual_arm/build/easy_handeye2/prefix_override:/usr/lib/python3/dist-packages/colcon_core/task/python/colcon_distutils_commands:/home/rosi/ws_dual_arm/install/easy_handeye2/lib/python3.10/site-packages:/home/rosi/ws_dual_arm/install/easy_handeye2_msgs/local/lib/python3.10/dist-packages:/opt/ros/humble/lib/python3.10/site-packages:/opt/ros/humble/local/lib/python3.10/dist-packages', 'LC_NUMERIC': 'id_ID.UTF-8', 'LC_PAPER': 'id_ID.UTF-8', 'COLCON': '1', 'VTE_VERSION': '6800', 'CMAKE_PREFIX_PATH': '/home/rosi/ws_dual_arm/install/easy_handeye2_msgs'}, 'shell': False}
[4.412238] (-) TimerEvent: {}
[4.512676] (-) TimerEvent: {}
[4.613100] (-) TimerEvent: {}
[4.614167] (easy_handeye2) StdoutLine: {'line': b'running egg_info\n'}
[4.614946] (easy_handeye2) StdoutLine: {'line': b'writing ../../../build/easy_handeye2/easy_handeye2.egg-info/PKG-INFO\n'}
[4.615161] (easy_handeye2) StdoutLine: {'line': b'writing dependency_links to ../../../build/easy_handeye2/easy_handeye2.egg-info/dependency_links.txt\n'}
[4.615449] (easy_handeye2) StdoutLine: {'line': b'writing entry points to ../../../build/easy_handeye2/easy_handeye2.egg-info/entry_points.txt\n'}
[4.615582] (easy_handeye2) StdoutLine: {'line': b'writing requirements to ../../../build/easy_handeye2/easy_handeye2.egg-info/requires.txt\n'}
[4.615680] (easy_handeye2) StdoutLine: {'line': b'writing top-level names to ../../../build/easy_handeye2/easy_handeye2.egg-info/top_level.txt\n'}
[4.619899] (easy_handeye2) StdoutLine: {'line': b"reading manifest file '../../../build/easy_handeye2/easy_handeye2.egg-info/SOURCES.txt'\n"}
[4.621220] (easy_handeye2) StdoutLine: {'line': b"writing manifest file '../../../build/easy_handeye2/easy_handeye2.egg-info/SOURCES.txt'\n"}
[4.621433] (easy_handeye2) StdoutLine: {'line': b'running build\n'}
[4.621552] (easy_handeye2) StdoutLine: {'line': b'running build_py\n'}
[4.621781] (easy_handeye2) StdoutLine: {'line': b'creating /home/rosi/ws_dual_arm/build/easy_handeye2/build\n'}
[4.621960] (easy_handeye2) StdoutLine: {'line': b'creating /home/rosi/ws_dual_arm/build/easy_handeye2/build/lib\n'}
[4.622115] (easy_handeye2) StdoutLine: {'line': b'creating /home/rosi/ws_dual_arm/build/easy_handeye2/build/lib/easy_handeye2\n'}
[4.622360] (easy_handeye2) StdoutLine: {'line': b'copying easy_handeye2/common_launch.py -> /home/rosi/ws_dual_arm/build/easy_handeye2/build/lib/easy_handeye2\n'}
[4.622468] (easy_handeye2) StdoutLine: {'line': b'copying easy_handeye2/handeye_rqt_evaluator.py -> /home/rosi/ws_dual_arm/build/easy_handeye2/build/lib/easy_handeye2\n'}
[4.622594] (easy_handeye2) StdoutLine: {'line': b'copying easy_handeye2/handeye_rqt_calibrator_widget.py -> /home/rosi/ws_dual_arm/build/easy_handeye2/build/lib/easy_handeye2\n'}
[4.622661] (easy_handeye2) StdoutLine: {'line': b'copying easy_handeye2/handeye_robot.py -> /home/rosi/ws_dual_arm/build/easy_handeye2/build/lib/easy_handeye2\n'}
[4.622942] (easy_handeye2) StdoutLine: {'line': b'copying easy_handeye2/__init__.py -> /home/rosi/ws_dual_arm/build/easy_handeye2/build/lib/easy_handeye2\n'}
[4.623096] (easy_handeye2) StdoutLine: {'line': b'copying easy_handeye2/handeye_rqt_calibrator.py -> /home/rosi/ws_dual_arm/build/easy_handeye2/build/lib/easy_handeye2\n'}
[4.623301] (easy_handeye2) StdoutLine: {'line': b'copying easy_handeye2/handeye_calibration.py -> /home/rosi/ws_dual_arm/build/easy_handeye2/build/lib/easy_handeye2\n'}
[4.623503] (easy_handeye2) StdoutLine: {'line': b'copying easy_handeye2/handeye_sampler.py -> /home/rosi/ws_dual_arm/build/easy_handeye2/build/lib/easy_handeye2\n'}
[4.623727] (easy_handeye2) StdoutLine: {'line': b'copying easy_handeye2/handeye_rqt_evaluator_widget.py -> /home/rosi/ws_dual_arm/build/easy_handeye2/build/lib/easy_handeye2\n'}
[4.623938] (easy_handeye2) StdoutLine: {'line': b'copying easy_handeye2/handeye_calibration_commander.py -> /home/rosi/ws_dual_arm/build/easy_handeye2/build/lib/easy_handeye2\n'}
[4.624152] (easy_handeye2) StdoutLine: {'line': b'copying easy_handeye2/handeye_server_robot.py -> /home/rosi/ws_dual_arm/build/easy_handeye2/build/lib/easy_handeye2\n'}
[4.624377] (easy_handeye2) StdoutLine: {'line': b'copying easy_handeye2/handeye_publisher.py -> /home/rosi/ws_dual_arm/build/easy_handeye2/build/lib/easy_handeye2\n'}
[4.624509] (easy_handeye2) StdoutLine: {'line': b'copying easy_handeye2/handeye_server.py -> /home/rosi/ws_dual_arm/build/easy_handeye2/build/lib/easy_handeye2\n'}
[4.624697] (easy_handeye2) StdoutLine: {'line': b'copying easy_handeye2/handeye_client.py -> /home/rosi/ws_dual_arm/build/easy_handeye2/build/lib/easy_handeye2\n'}
[4.624862] (easy_handeye2) StdoutLine: {'line': b'copying easy_handeye2/handeye_calibration_backend_opencv.py -> /home/rosi/ws_dual_arm/build/easy_handeye2/build/lib/easy_handeye2\n'}
[4.625347] (easy_handeye2) StdoutLine: {'line': b'running build_scripts\n'}
[4.625452] (easy_handeye2) StdoutLine: {'line': b'creating /home/rosi/ws_dual_arm/build/easy_handeye2/build/scripts-3.10\n'}
[4.625577] (easy_handeye2) StdoutLine: {'line': b'copying and adjusting scripts/rqt_calibrator.py -> /home/rosi/ws_dual_arm/build/easy_handeye2/build/scripts-3.10\n'}
[4.625692] (easy_handeye2) StdoutLine: {'line': b'copying and adjusting scripts/rqt_evaluator.py -> /home/rosi/ws_dual_arm/build/easy_handeye2/build/scripts-3.10\n'}
[4.625817] (easy_handeye2) StdoutLine: {'line': b'changing mode of /home/rosi/ws_dual_arm/build/easy_handeye2/build/scripts-3.10/rqt_calibrator.py from 664 to 775\n'}
[4.625956] (easy_handeye2) StdoutLine: {'line': b'changing mode of /home/rosi/ws_dual_arm/build/easy_handeye2/build/scripts-3.10/rqt_evaluator.py from 664 to 775\n'}
[4.626071] (easy_handeye2) StdoutLine: {'line': b'running install\n'}
[4.626276] (easy_handeye2) StdoutLine: {'line': b'running install_lib\n'}
[4.627111] (easy_handeye2) StdoutLine: {'line': b'creating /home/rosi/ws_dual_arm/install/easy_handeye2/lib/python3.10/site-packages/easy_handeye2\n'}
[4.627527] (easy_handeye2) StdoutLine: {'line': b'copying /home/rosi/ws_dual_arm/build/easy_handeye2/build/lib/easy_handeye2/common_launch.py -> /home/rosi/ws_dual_arm/install/easy_handeye2/lib/python3.10/site-packages/easy_handeye2\n'}
[4.627597] (easy_handeye2) StdoutLine: {'line': b'copying /home/rosi/ws_dual_arm/build/easy_handeye2/build/lib/easy_handeye2/handeye_rqt_evaluator.py -> /home/rosi/ws_dual_arm/install/easy_handeye2/lib/python3.10/site-packages/easy_handeye2\n'}
[4.627650] (easy_handeye2) StdoutLine: {'line': b'copying /home/rosi/ws_dual_arm/build/easy_handeye2/build/lib/easy_handeye2/handeye_rqt_calibrator_widget.py -> /home/rosi/ws_dual_arm/install/easy_handeye2/lib/python3.10/site-packages/easy_handeye2\n'}
[4.627755] (easy_handeye2) StdoutLine: {'line': b'copying /home/rosi/ws_dual_arm/build/easy_handeye2/build/lib/easy_handeye2/handeye_robot.py -> /home/rosi/ws_dual_arm/install/easy_handeye2/lib/python3.10/site-packages/easy_handeye2\n'}
[4.627871] (easy_handeye2) StdoutLine: {'line': b'copying /home/rosi/ws_dual_arm/build/easy_handeye2/build/lib/easy_handeye2/__init__.py -> /home/rosi/ws_dual_arm/install/easy_handeye2/lib/python3.10/site-packages/easy_handeye2\n'}
[4.627925] (easy_handeye2) StdoutLine: {'line': b'copying /home/rosi/ws_dual_arm/build/easy_handeye2/build/lib/easy_handeye2/handeye_rqt_calibrator.py -> /home/rosi/ws_dual_arm/install/easy_handeye2/lib/python3.10/site-packages/easy_handeye2\n'}
[4.628102] (easy_handeye2) StdoutLine: {'line': b'copying /home/rosi/ws_dual_arm/build/easy_handeye2/build/lib/easy_handeye2/handeye_calibration.py -> /home/rosi/ws_dual_arm/install/easy_handeye2/lib/python3.10/site-packages/easy_handeye2\n'}
[4.628157] (easy_handeye2) StdoutLine: {'line': b'copying /home/rosi/ws_dual_arm/build/easy_handeye2/build/lib/easy_handeye2/handeye_sampler.py -> /home/rosi/ws_dual_arm/install/easy_handeye2/lib/python3.10/site-packages/easy_handeye2\n'}
[4.628232] (easy_handeye2) StdoutLine: {'line': b'copying /home/rosi/ws_dual_arm/build/easy_handeye2/build/lib/easy_handeye2/handeye_rqt_evaluator_widget.py -> /home/rosi/ws_dual_arm/install/easy_handeye2/lib/python3.10/site-packages/easy_handeye2\n'}
[4.628281] (easy_handeye2) StdoutLine: {'line': b'copying /home/rosi/ws_dual_arm/build/easy_handeye2/build/lib/easy_handeye2/handeye_calibration_commander.py -> /home/rosi/ws_dual_arm/install/easy_handeye2/lib/python3.10/site-packages/easy_handeye2\n'}
[4.628327] (easy_handeye2) StdoutLine: {'line': b'copying /home/rosi/ws_dual_arm/build/easy_handeye2/build/lib/easy_handeye2/handeye_server_robot.py -> /home/rosi/ws_dual_arm/install/easy_handeye2/lib/python3.10/site-packages/easy_handeye2\n'}
[4.628371] (easy_handeye2) StdoutLine: {'line': b'copying /home/rosi/ws_dual_arm/build/easy_handeye2/build/lib/easy_handeye2/handeye_publisher.py -> /home/rosi/ws_dual_arm/install/easy_handeye2/lib/python3.10/site-packages/easy_handeye2\n'}
[4.628416] (easy_handeye2) StdoutLine: {'line': b'copying /home/rosi/ws_dual_arm/build/easy_handeye2/build/lib/easy_handeye2/handeye_server.py -> /home/rosi/ws_dual_arm/install/easy_handeye2/lib/python3.10/site-packages/easy_handeye2\n'}
[4.628459] (easy_handeye2) StdoutLine: {'line': b'copying /home/rosi/ws_dual_arm/build/easy_handeye2/build/lib/easy_handeye2/handeye_client.py -> /home/rosi/ws_dual_arm/install/easy_handeye2/lib/python3.10/site-packages/easy_handeye2\n'}
[4.628503] (easy_handeye2) StdoutLine: {'line': b'copying /home/rosi/ws_dual_arm/build/easy_handeye2/build/lib/easy_handeye2/handeye_calibration_backend_opencv.py -> /home/rosi/ws_dual_arm/install/easy_handeye2/lib/python3.10/site-packages/easy_handeye2\n'}
[4.628578] (easy_handeye2) StdoutLine: {'line': b'byte-compiling /home/rosi/ws_dual_arm/install/easy_handeye2/lib/python3.10/site-packages/easy_handeye2/common_launch.py to common_launch.cpython-310.pyc\n'}
[4.628796] (easy_handeye2) StdoutLine: {'line': b'byte-compiling /home/rosi/ws_dual_arm/install/easy_handeye2/lib/python3.10/site-packages/easy_handeye2/handeye_rqt_evaluator.py to handeye_rqt_evaluator.cpython-310.pyc\n'}
[4.629205] (easy_handeye2) StdoutLine: {'line': b'byte-compiling /home/rosi/ws_dual_arm/install/easy_handeye2/lib/python3.10/site-packages/easy_handeye2/handeye_rqt_calibrator_widget.py to handeye_rqt_calibrator_widget.cpython-310.pyc\n'}
[4.631374] (easy_handeye2) StdoutLine: {'line': b'byte-compiling /home/rosi/ws_dual_arm/install/easy_handeye2/lib/python3.10/site-packages/easy_handeye2/handeye_robot.py to handeye_robot.cpython-310.pyc\n'}
[4.632974] (easy_handeye2) StdoutLine: {'line': b'byte-compiling /home/rosi/ws_dual_arm/install/easy_handeye2/lib/python3.10/site-packages/easy_handeye2/__init__.py to __init__.cpython-310.pyc\n'}
[4.633289] (easy_handeye2) StdoutLine: {'line': b'byte-compiling /home/rosi/ws_dual_arm/install/easy_handeye2/lib/python3.10/site-packages/easy_handeye2/handeye_rqt_calibrator.py to handeye_rqt_calibrator.cpython-310.pyc\n'}
[4.633512] (easy_handeye2) StdoutLine: {'line': b'byte-compiling /home/rosi/ws_dual_arm/install/easy_handeye2/lib/python3.10/site-packages/easy_handeye2/handeye_calibration.py to handeye_calibration.cpython-310.pyc\n'}
[4.634145] (easy_handeye2) StdoutLine: {'line': b'byte-compiling /home/rosi/ws_dual_arm/install/easy_handeye2/lib/python3.10/site-packages/easy_handeye2/handeye_sampler.py to handeye_sampler.cpython-310.pyc\n'}
[4.635333] (easy_handeye2) StdoutLine: {'line': b'byte-compiling /home/rosi/ws_dual_arm/install/easy_handeye2/lib/python3.10/site-packages/easy_handeye2/handeye_rqt_evaluator_widget.py to handeye_rqt_evaluator_widget.cpython-310.pyc\n'}
[4.636861] (easy_handeye2) StdoutLine: {'line': b'byte-compiling /home/rosi/ws_dual_arm/install/easy_handeye2/lib/python3.10/site-packages/easy_handeye2/handeye_calibration_commander.py to handeye_calibration_commander.cpython-310.pyc\n'}
[4.637645] (easy_handeye2) StdoutLine: {'line': b'byte-compiling /home/rosi/ws_dual_arm/install/easy_handeye2/lib/python3.10/site-packages/easy_handeye2/handeye_server_robot.py to handeye_server_robot.cpython-310.pyc\n'}
[4.638329] (easy_handeye2) StdoutLine: {'line': b'byte-compiling /home/rosi/ws_dual_arm/install/easy_handeye2/lib/python3.10/site-packages/easy_handeye2/handeye_publisher.py to handeye_publisher.cpython-310.pyc\n'}
[4.638986] (easy_handeye2) StdoutLine: {'line': b'byte-compiling /home/rosi/ws_dual_arm/install/easy_handeye2/lib/python3.10/site-packages/easy_handeye2/handeye_server.py to handeye_server.cpython-310.pyc\n'}
[4.640255] (easy_handeye2) StdoutLine: {'line': b'byte-compiling /home/rosi/ws_dual_arm/install/easy_handeye2/lib/python3.10/site-packages/easy_handeye2/handeye_client.py to handeye_client.cpython-310.pyc\n'}
[4.640990] (easy_handeye2) StdoutLine: {'line': b'byte-compiling /home/rosi/ws_dual_arm/install/easy_handeye2/lib/python3.10/site-packages/easy_handeye2/handeye_calibration_backend_opencv.py to handeye_calibration_backend_opencv.cpython-310.pyc\n'}
[4.642132] (easy_handeye2) StdoutLine: {'line': b'running install_data\n'}
[4.642293] (easy_handeye2) StdoutLine: {'line': b'copying resource/easy_handeye2 -> /home/rosi/ws_dual_arm/install/easy_handeye2/share/ament_index/resource_index/packages\n'}
[4.642887] (easy_handeye2) StdoutLine: {'line': b'copying resource/rqt_handeye_info.ui -> /home/rosi/ws_dual_arm/install/easy_handeye2/share/easy_handeye2/resource\n'}
[4.643043] (easy_handeye2) StdoutLine: {'line': b'copying resource/rqt_handeye_evaluator.ui -> /home/rosi/ws_dual_arm/install/easy_handeye2/share/easy_handeye2/resource\n'}
[4.643334] (easy_handeye2) StdoutLine: {'line': b'copying resource/rqt_handeye.ui -> /home/rosi/ws_dual_arm/install/easy_handeye2/share/easy_handeye2/resource\n'}
[4.643579] (easy_handeye2) StdoutLine: {'line': b'copying package.xml -> /home/rosi/ws_dual_arm/install/easy_handeye2/share/easy_handeye2\n'}
[4.643731] (easy_handeye2) StdoutLine: {'line': b'copying plugin_evaluator.xml -> /home/rosi/ws_dual_arm/install/easy_handeye2/share/easy_handeye2\n'}
[4.643827] (easy_handeye2) StdoutLine: {'line': b'copying plugin_calibrator.xml -> /home/rosi/ws_dual_arm/install/easy_handeye2/share/easy_handeye2\n'}
[4.644037] (easy_handeye2) StdoutLine: {'line': b'copying launch/calibrate.launch.py -> /home/rosi/ws_dual_arm/install/easy_handeye2/share/easy_handeye2/launch\n'}
[4.644211] (easy_handeye2) StdoutLine: {'line': b'copying launch/evaluate.launch.py -> /home/rosi/ws_dual_arm/install/easy_handeye2/share/easy_handeye2/launch\n'}
[4.644421] (easy_handeye2) StdoutLine: {'line': b'copying launch/publish.launch.py -> /home/rosi/ws_dual_arm/install/easy_handeye2/share/easy_handeye2/launch\n'}
[4.644572] (easy_handeye2) StdoutLine: {'line': b'running install_egg_info\n'}
[4.646548] (easy_handeye2) StdoutLine: {'line': b'Copying ../../../build/easy_handeye2/easy_handeye2.egg-info to /home/rosi/ws_dual_arm/install/easy_handeye2/lib/python3.10/site-packages/easy_handeye2-0.5.0-py3.10.egg-info\n'}
[4.647265] (easy_handeye2) StdoutLine: {'line': b'running install_scripts\n'}
[4.668128] (easy_handeye2) StdoutLine: {'line': b'copying /home/rosi/ws_dual_arm/build/easy_handeye2/build/scripts-3.10/rqt_evaluator.py -> /home/rosi/ws_dual_arm/install/easy_handeye2/lib/easy_handeye2\n'}
[4.668265] (easy_handeye2) StdoutLine: {'line': b'copying /home/rosi/ws_dual_arm/build/easy_handeye2/build/scripts-3.10/rqt_calibrator.py -> /home/rosi/ws_dual_arm/install/easy_handeye2/lib/easy_handeye2\n'}
[4.668326] (easy_handeye2) StdoutLine: {'line': b'changing mode of /home/rosi/ws_dual_arm/install/easy_handeye2/lib/easy_handeye2/rqt_evaluator.py to 775\n'}
[4.668377] (easy_handeye2) StdoutLine: {'line': b'changing mode of /home/rosi/ws_dual_arm/install/easy_handeye2/lib/easy_handeye2/rqt_calibrator.py to 775\n'}
[4.669407] (easy_handeye2) StdoutLine: {'line': b'Installing handeye_calibration_commander script to /home/rosi/ws_dual_arm/install/easy_handeye2/lib/easy_handeye2\n'}
[4.669543] (easy_handeye2) StdoutLine: {'line': b'Installing handeye_publisher script to /home/rosi/ws_dual_arm/install/easy_handeye2/lib/easy_handeye2\n'}
[4.669744] (easy_handeye2) StdoutLine: {'line': b'Installing handeye_server script to /home/rosi/ws_dual_arm/install/easy_handeye2/lib/easy_handeye2\n'}
[4.669866] (easy_handeye2) StdoutLine: {'line': b'Installing handeye_server_robot script to /home/rosi/ws_dual_arm/install/easy_handeye2/lib/easy_handeye2\n'}
[4.670060] (easy_handeye2) StdoutLine: {'line': b"writing list of installed files to '/home/rosi/ws_dual_arm/build/easy_handeye2/install.log'\n"}
[4.694160] (easy_handeye2) CommandEnded: {'returncode': 0}
[4.701147] (easy_handeye2) JobEnded: {'identifier': 'easy_handeye2', 'rc': 0}
[4.702027] (-) EventReactorShutdown: {}
